average_turnaround_hours,denied_charges,predicted_value,residual
32.2278,142771.25,139013.33050749288,3757.9194925071206
32.6017,149777.96,143685.14655337844,6092.813446621556
34.4783,224438.45,167132.94005888485,57305.50994111516
35.4965,251652.73,179855.17353821266,71797.55646178735
35.5535,223410.24,180567.37871236482,42842.86128763517
35.6023,219553.47,181177.12630006002,38376.343699939986
38.0521,232088.97,211786.95499546116,20302.015004538844
31.9136,148443.06,135087.45567032445,13355.604329675552
31.6807,148514.79,132177.4103183942,16337.379681605817
36.5876,236471.98,193488.2799507983,42983.700049201696
36.9527,227987.04,198050.14151365688,29936.898486343125
35.1774,208125.81,175868.0740457225,32257.73595427751
37.3618,244805.26,203161.77549165045,41643.48450834956
36.7653,237562.61,195708.6108182866,41853.999181713385
31.4011,159165.65,128683.85651676374,30481.79348323625
31.0845,151535.99,124727.99409331527,26807.995906684722
35.9477,217624.27,185492.8397588695,32131.430241130496
36.407,234688.27,191231.71408322157,43456.55591677842
36.1351,236818.47,187834.37045423983,48984.09954576017
37.7857,234041.1,208458.3329183712,25582.767081628816
37.4679,237307.18,204487.47670178273,32819.70329821727
31.7505,154980.26,133049.54928604007,21930.71071395994
30.225,145986.28,113988.68975675834,31997.590243241662
37.2337,233560.54,201561.18807395065,31999.351926049363
36.6087,259203.16,193751.92081351072,65451.239186489285
36.7288,230208.41,195252.54961027688,34955.86038972312
35.594,245248.38,181073.4192308414,64174.96076915861
35.0999,224184.54,174899.72490542795,49284.815094572055
33.2618,166865.72,151932.98226316465,14932.737736835348
29.1149,135879.1,100118.1816194554,35760.91838054461
37.8649,235538.82,209447.92326561414,26090.896734385868
36.7628,253979.67,195677.37374924478,58302.29625075523
36.9048,243247.98,197451.6392708168,45796.3407291832
37.7977,241433.91,208608.27084977162,32825.63915022838
36.903,236713.06,197429.14858110668,39283.911418893316
30.8572,159910.09,121887.9197760385,38022.1702239615
31.1653,151559.94,125737.57616474497,25822.363835255033
35.7176,229665.94,182617.77992426592,47048.16007573408
35.5622,232153.44,180676.08371263015,51477.356287369854
37.4678,240409.98,204486.227219021,35923.752780979004
40.8553,273102.54,246812.45577060536,26290.08422939462
40.861,267627.38,246883.6762880205,20743.7037119795
37.2265,186576.51,201471.2253151104,-14894.7153151104
36.6277,196997.68,193989.32253822807,3008.357461771928
40.6735,280343.13,244540.89610988856,35802.23389011144
40.6188,273836.09,243857.4290392549,29978.660960745125
40.5635,291834.55,243166.46507205116,48668.08492794883
39.6208,275448.07,231387.59107778448,44060.47892221552
41.6092,279430.96,256232.30631083838,23198.65368916164
36.3777,169260.29,190865.61563405214,-21605.325634052133
34.3897,157370.72,166025.8983320449,-8655.178332044889
37.0856,231932.53,199710.70410391683,32221.825896083174
37.5976,261183.03,206108.05584366922,55074.974156330776
38.6835,267901.17,219676.18915264792,48224.98084735207
37.7982,258991.79,208614.51826358,50377.27173642002
36.9809,248466.9,198402.49565244792,50064.404347552074
32.9915,174607.15,148555.6303583696,26051.51964163038
32.1688,177471.53,138276.13567810727,39195.39432189273
37.5341,240845.83,205314.63429000851,35531.19570999147
38.3207,254448.05,215143.06569330778,39304.984306692204
39.3368,260308.93,227839.06003464048,32469.86996535951
40.3745,277282.28,240804.94265249412,36477.337347505905
39.3988,283208.53,228613.73934687622,54594.79065312381
33.6137,169860.54,156329.91210148274,13530.627898517268
32.8538,181765.27,146835.09259554942,34930.17740445057
38.4441,267244.74,216684.927421209,50559.812578790996
39.073,285222.84,224542.92450935405,60679.91549064597
38.6148,264814.87,218817.79449538037,45997.07550461963
39.7722,270887.19,233279.30797895335,37607.88202104665
41.9982,310142.61,261092.79425373615,49049.815746263834
37.5505,205561.04,205519.54946292244,41.49053707756684
37.8318,203739.91,209034.34447150124,-5294.434471501241
42.2355,300629.92,264057.81684718,36572.10315281997
41.7375,309571.1,257835.39269406145,51735.70730593853
43.9523,306135.95,285508.9368995372,20627.01310046279
43.3308,316529.91,277743.40153575584,38786.508464244136
41.4186,290576.51,253850.7921670946,36725.717832905415
33.0279,176649.09,149010.4420836176,27638.647916382382
32.9747,178326.8,148345.71725440893,29981.082745591062
41.2609,272876.81,251880.35785194044,20996.452148059558
41.5397,317156.48,255363.91579147748,61792.5642085225
40.4393,311034.1,241614.6074820566,69419.49251794338
41.2721,286751.48,252020.29992124753,34731.180078752455
41.7524,318289.77,258021.5656255504,60268.20437444962
35.4607,191908.58,179407.85870953475,12500.72129046524
37.0416,217126.24,199160.9316887819,17965.308311218105
42.5097,322280.26,267483.89857968024,54796.361420319765
42.4879,307699.33,267211.51133763616,40487.81866236386
43.8551,355522.9,284294.4396551936,71228.46034480643
44.2783,356363.44,289582.25070258265,66781.18929741735
40.6758,317825.37,244569.63421340706,73255.73578659294
37.2221,216335.38,201416.24807359686,14919.131926403148
37.0579,212161.8,199364.5973789341,12797.202621065895
41.5721,324674.3,255768.74820625864,68905.55179374135
41.9766,306884.01,260822.90597721539,46061.104022784624
44.9589,326910.42,298086.23037851125,28824.18962148874
43.9586,325964.73,285587.6543135224,40377.07568647759
45.4744,332766.37,304527.3140149221,28239.055985077866
39.783,230801.3,233414.2521172138,-2612.9521172138047
38.8627,222219.6,221915.26226156118,304.33773843882955
45.5292,344365.98,305212.0305683175,39153.94943168247
45.1273,359942.83,300190.3593491642,59752.470650835836
46.0423,357470.79,311623.1266184482,45847.6633815518
41.3326,320248.21,252776.2369920581,67471.97300794191
42.1006,305123.59,262372.2646016866,42751.325398313405
35.5003,203553.08,179902.65388315625,23650.426116843737
36.5774,204903.58,193360.8327091079,11542.74729089209
42.8797,310984.15,272106.9847978606,38877.16520213941
44.3352,324412.43,290293.2063939731,34119.223606026906
44.4642,320865.0,291905.03915652784,28959.96084347216
43.9098,311267.16,284977.90672582726,26289.25327417272
46.5231,363287.86,317630.6397365595,45657.22026344051
38.9576,220083.73,223101.02140238642,-3017.291402386414
42.9133,259594.76,272526.81100578187,-12932.051005781861
46.6422,381783.84,319118.7737057089,62665.066294291115
46.8798,365617.73,322087.5447474378,43530.185252562165
45.3507,365322.08,302981.70383873594,62340.37616126408
46.66,366598.06,319341.1816372862,47256.87836271379
45.3278,337343.16,302695.5722863134,34647.587713686575
39.8326,222930.04,234033.99556700233,-11103.955567002326
40.0141,224950.46,236301.80677943403,-11351.34677943404
44.6143,341563.77,293780.5127817951,47783.257218204904
46.076,331734.99,312044.20230913116,19690.787690868834
46.0253,336679.77,311410.7145489643,25269.055451035732
50.2162,402736.16,363775.2876078085,38960.87239219149
52.0212,394715.78,386328.451455959,8387.328544041025
44.2881,244624.24,289704.70001322636,-45080.46001322637
44.0502,241978.25,286732.1805232124,-44753.93052321242
50.5494,357712.74,367938.5641696942,-10225.824169694213
49.5158,374201.17,355023.91034506913,19177.25965493085
43.5091,341010.1,279971.229299814,61038.870700186
44.1158,347162.3,287551.84121486824,59610.45878513175
44.4285,361732.41,291458.9738106115,70273.43618938845
39.7215,224438.15,232645.82021878648,-8207.670218786487
41.9875,236486.81,260959.09959823743,-24472.289598237432
44.8938,347072.91,297272.8171006639,49800.09289933607
45.132,359777.78,300249.08503896266,59528.69496103737
46.1581,365185.13,313070.0276564625,52115.102343537495
46.3751,340571.46,315781.4052492874,24790.054750712647
44.559,360660.77,293089.54881459137,67571.22118540865
41.7343,245238.63,257795.409245688,-12556.779245687998
38.5632,239853.1,218173.0613903585,21680.038609641517
47.1916,340678.79,325983.431998326,14695.358001674002
48.0385,353145.78,336565.30150691245,16580.478493087576
45.9604,325621.06,310599.80023664027,15021.259763359732
46.4767,342120.02,317050.87973514444,25069.14026485558
46.2044,315031.31,313648.53817511594,1382.7718248840538
41.703,224029.58,257404.32114128524,-33374.74114128525
41.22,247397.02,251369.31940241723,-3972.2994024172367
47.6674,342631.22,331928.47097835375,10702.749021646217
46.355,323295.46,315530.25921419146,7765.200785808556
46.2387,331177.79,314077.1107623689,17100.67923763109
45.319,340412.04,302585.6178032864,37826.42219671357
48.4303,362053.91,341460.77496713714,20593.135032862832
40.863,222234.38,246908.66594325396,-24674.285943253955
42.3181,239529.85,265089.88960831973,-25560.039608319727
47.4629,343706.49,329373.27873073774,14333.211269262247
45.484,355846.72,304647.2643600425,51199.45563995745
47.0673,354899.36,324430.3249255697,30469.035074430285
50.3732,360694.14,365736.975543631,-5042.835543630994
50.009,353387.72,361186.35932562745,-7798.639325627475
46.087,253182.39,312181.6454129149,-58999.25541291491
45.4743,230999.95,304526.0645321604,-73526.1145321604
45.5502,330835.34,305474.4219482682,25360.91805173183
45.8497,339013.21,309216.62281947106,29796.587180528964
49.7858,381877.52,358397.51380157913,23480.006198420888
50.1299,358603.78,362696.9839844869,-4093.2039844868705
48.7174,366524.89,345048.03997589275,21476.85002410726
44.633,235218.36,294014.16605822754,-58795.80605822755
44.0864,239181.68,287184.4932829371,-48002.8132829371
47.9522,354747.65,335486.99788359087,19260.652116409154
50.7167,381937.53,370028.9488299688,11908.581170031219
49.5613,348599.84,355592.42500162916,-6992.585001629137
50.8095,361347.69,371188.4688327989,-9840.778832798882
47.0869,339781.33,324675.22354685713,15106.106453142886
44.7249,244963.12,295162.4407162026,-50199.32071620261
43.1086,244866.86,274967.05083932413,-30100.190839324147
49.7272,371826.97,357665.3169032403,14161.653096759692
49.2067,342905.88,351161.7591287459,-8255.879128745873
45.9985,342706.46,311075.8531688367,31630.606831163343
46.4598,329433.74,316839.71714842215,12594.022851577844
46.8305,345362.84,321471.5497459342,23891.290254065825
41.7581,233665.75,258092.7861429656,-24427.036142965604
39.9797,212978.25,235871.98470941948,-22893.734709419485
47.203,322415.21,326125.8730331565,-3710.663033156481
46.4678,347093.66,316939.67576935573,30153.984230644244
45.5633,326307.02,305638.10419004713,20668.915809952887
44.3002,327179.4,289855.88742738846,37323.512572611566
46.8313,307863.6,321481.5456080276,-13617.945608027629
41.3186,215196.72,252601.30940542428,-37404.58940542428
38.4445,208550.05,216689.92535225564,-8139.875352255651
44.6306,318979.53,293984.17847194744,24995.35152805259
45.9617,322117.69,310616.0435125419,11501.646487458085
44.6877,324011.62,294697.6331288612,29313.986871138797
44.8533,343453.44,296766.7765821874,46686.66341781261
44.8817,330521.07,297121.6296865018,33399.4403134982
40.7582,208396.83,245599.20800902345,-37202.378009023465
41.2867,230751.38,252202.72440445144,-21451.344404451433
45.9619,300599.51,310618.54247806524,-10019.03247806523
45.7509,353069.41,307982.13385094074,45087.27614905924
45.635,335012.73,306533.9833301648,28478.74666983518
44.8181,340283.73,296326.95865007944,43956.77134992054
46.0457,296644.34,311665.609032345,-15021.269032344979
40.23,224783.51,238999.4400618804,-14215.930061880383
40.3613,209593.22,240640.01092795364,-31046.79092795364
46.2312,343932.14,313983.39955524367,29948.740444756346
45.0166,293229.49,298807.1819319951,-5577.691931995098
48.9805,333496.15,348335.4291218475,-14839.279121847474
45.8053,319340.66,308661.8524732895,10678.807526710501
47.5359,346470.99,330285.40114675707,16185.588853242924
47.0282,234254.58,323941.77716575656,-89687.19716575657
43.8181,226579.58,283832.1310333755,-57252.55103337552
50.4182,344574.24,366299.2427863827,-21725.002786382684
50.0551,331780.47,361762.37087875756,-29981.900878757588
47.7748,335459.15,333270.4154643876,2188.7345356123988
48.3661,318752.16,340658.6070341447,-21906.447034144716
49.4708,324086.99,354461.64310231735,-30374.65310231736
44.5361,247574.48,292803.41726216883,-45228.93726216882
43.1105,228073.04,274990.79101179587,-46917.75101179586
48.4364,341849.38,341536.993415599,312.38658440101426
48.4123,366217.23,341235.8680700364,24981.361929963576
48.3047,362446.34,339891.424618479,22554.915381521045
48.5022,349737.53,342359.15307277814,7378.376927221892
44.2822,328264.89,289630.98053028784,38633.909469712176
38.7687,203438.51,220740.7484655911,-17302.2384655911
43.6292,224108.35,281471.85809658014,-57363.50809658013
47.5501,306793.5,330462.82769891433,-23669.327698914334
48.2983,319876.6,339811.4577217321,-19934.857721732114
46.6815,336144.02,319609.8204310454,16534.199568954646
47.5589,338911.96,330572.7821819413,8339.177818058699
48.3847,304350.79,340891.0108278154,-36540.220827815414
42.1288,214494.3,262724.6187404777,-48230.31874047773
39.2066,200485.42,226212.23347894574,-25726.813478945725
42.9621,296456.94,273136.558593477,23320.381406522996
39.9533,276543.75,235542.12126033846,41001.62873966154
43.1925,319008.17,276015.3668763656,42992.80312363437
44.1513,295561.38,287995.40759526123,7565.972404738772
46.0002,307214.65,311097.094375785,-3882.4443757849513
40.0628,194173.91,236910.30488436756,-42736.39488436756
38.2711,195572.1,214523.3222435192,-18951.22224351918
42.5547,307398.02,268046.1658224318,39351.854177568224
43.1209,286676.07,275120.73721900955,11555.332780990459
42.6575,290163.0,269330.634101429,20832.365898570977
43.2313,305098.43,276500.1661878937,28598.263812106277
41.3617,282340.4,253139.83647570416,29200.563524295867
39.7306,183171.9,232759.52315009857,-49587.623150098574
40.045,199002.21,236687.8969527902,-37685.686952790216
43.2945,300207.83,277289.83929326944,22917.990706730576
41.8251,299633.74,258929.93959328474,40703.80040671525
42.4761,267215.57,267064.072371759,151.49762824102072
45.2339,283779.08,301522.3079731049,-17743.227973104862
43.447,292405.68,279195.3005048168,13210.37949518318
40.0803,202168.66,237128.96436765988,-34960.304367659875
38.8687,205039.35,221990.23122726142,-16950.881227261416
42.9556,284975.84,273055.3422139684,11920.497786031628
43.6215,280120.32,281375.6479239315,-1255.3279239314725
42.2935,272692.52,264782.5168489489,7910.003151051118
42.6514,283937.68,269254.4156529672,14683.264347032818
42.7464,286551.93,270441.424276554,16110.505723445967
38.8314,200981.02,221524.1741571584,-20543.154157158424
37.7259,180580.83,207711.14222689235,-27130.31222689236
43.8876,296827.5,284700.5215527364,12126.978447263595
41.2608,280142.01,251879.10836917878,28262.90163082123
41.9747,286365.94,260799.16580474365,25566.774195256352
41.9808,272168.32,260875.38425320562,11292.935746794392
43.4933,286625.16,279773.81102347013,6851.348976529844
37.295,181642.76,202327.12100685464,-20684.361006854626
37.667,183395.06,206975.19688026846,-23580.13688026846
42.4484,265771.24,266717.96564677625,-946.7256467762636
41.0054,278454.06,248687.92939587263,29766.130604127364
41.6177,277776.81,256338.51234558038,21438.297654419614
40.4691,266032.35,241986.95334503427,24045.396654965705
42.0612,283869.04,261879.96839358856,21989.071606411424
36.9002,184295.1,197394.16306377988,-13099.063063779875
37.4104,190652.75,203769.02411382226,-13116.274113822263
43.0367,293505.82,274068.67273368314,19437.147266316868
42.5353,281879.23,267803.7661666678,14075.463833332178
42.1121,265734.34,262515.95511927875,3218.384880721278
42.0332,295867.32,261530.11322032078,34337.206779679225
44.2429,290617.85,289139.9338049514,1477.9161950486014
37.1878,175826.65,200987.67548634397,-25161.025486343977
37.4954,183137.58,204831.08446124202,-21693.50446124203
41.4985,275434.9,254849.1288936693,20585.771106330736
40.9665,288382.33,248201.88060158287,40180.44939841714
40.3412,286569.68,240388.8648928579,46180.81510714209
42.049,291627.53,261727.53149666474,29899.998503335286
44.3073,306594.6,289944.60070346703,16649.999296532944
39.5701,194157.27,230754.1033176175,-36596.83331761751
36.951,191910.4,198028.90030670847,-6118.500306708476
44.0703,295602.74,286983.3265583083,8619.413441691664
42.0331,293463.78,261528.86373755918,31934.91626244085
42.6939,305964.75,269785.445826677,36179.30417332298
41.6758,285271.81,257064.46183011087,28207.348169889126
42.9005,310482.61,272366.8772122881,38115.732787711895
36.8709,177078.55,197028.0646146105,-19949.514614610525
36.4428,176740.16,191679.02891189954,-14938.868911899539
42.3607,277651.62,265622.1692647913,12029.450735208695
40.2556,283592.3,239319.30764886807,44272.99235113192
42.6298,271584.39,268984.5273764464,2599.8626235536067
41.0595,266627.35,249363.89956993627,17263.450430063705
42.0066,285119.82,261197.7508057165,23922.06919428351
35.2715,172201.22,177043.8373244544,-4842.61732445439
37.0565,183399.95,199347.10462027072,-15947.15462027071
41.1996,269252.51,251114.42491903645,18138.08508096356
39.5311,263581.86,230266.80504056613,33315.05495943385
41.9619,276179.8,260639.23201124987,15540.567988750117
41.2441,281345.24,251670.44474797987,29674.79525202012
42.2633,271277.99,264405.17305492435,6872.8169450756395
37.7403,194477.03,207891.06774457282,-13414.037744572823
36.3273,193221.28,190235.8763221703,2985.403677829687
42.0417,284653.97,261636.31925506284,23017.650744937127
40.239,265089.16,239111.8935104307,25977.266489569272
42.6944,295791.69,269791.6932404854,25999.996759514615
41.3216,271117.54,252638.7938882743,18478.74611172569
39.8207,259961.04,233885.30711836356,26075.732881636446
36.1997,196665.31,188641.53631827887,8023.773681721126
36.9751,179291.03,198330.025652271,-19038.995652270998
41.16,264399.21,250619.62974541495,13779.580254585075
41.4136,278659.73,253788.31802901113,24871.411970988847
42.1041,307975.01,262415.99649834516,45559.013501654845
39.8568,289935.81,234336.37039532652,55599.43960467348
43.4081,307875.41,278709.2517105269,29166.158289473096
35.9638,190664.19,185694.00648349844,4970.1835165015655
35.9009,173707.34,184908.08182640775,-11200.741826407757
41.2286,264199.56,251476.7749199209,12722.785080079106
40.8796,277598.73,247116.08008169133,30482.649918308656
41.1836,290967.95,250914.50767716923,40053.442322830786
42.8677,286571.17,271957.04686646024,14614.123133539746
42.8548,276363.88,271795.8635902046,4568.016409795382
37.5278,187623.96,205235.9168760233,-17611.956876023294
36.3187,184172.72,190128.42080466665,-5955.700804666645
42.3315,267267.86,265257.3202983836,2010.5397016163915
41.8668,272891.66,259450.9739049013,13440.686095098674
41.8041,296199.71,258667.54821333394,37532.16178666608
42.5348,293259.11,267797.51875285944,25461.591247140546
45.5974,317891.0,306064.17781177675,11826.822188223246
40.0275,199101.55,236469.23746949795,-37367.68746949796
41.0958,207300.1,249817.4618124226,-42517.361812422605
45.8679,305244.06,309444.0286820951,-4199.968682095117
44.2257,306497.28,288925.02276994404,17572.257230055984
43.8794,281239.41,284598.0639662795,-3358.653966279526
46.5687,310428.94,318200.4038758811,-7771.463875881105
46.5045,308136.82,317398.2359428888,-9261.415942888765
38.5055,199618.54,217452.1098368746,-17833.56983687458
36.313,190329.1,190057.20028725144,271.8997127485636
42.7067,311258.66,269945.3796201708,41313.28037982917
42.6529,297322.16,269273.15789439227,28049.00210560771
42.4646,302544.19,266920.38185416686,35623.80814583314
43.1442,300232.13,275411.8667024787,24820.263297521276
41.915,283395.58,260053.2245960264,23342.355403973605
40.0205,207429.62,236381.77367618098,-28952.153676180984
36.1594,199236.74,188137.99476532568,11098.745234674308
42.8968,292125.91,272320.6463501062,19805.26364989375
42.4503,296269.4,266741.705819248,29527.694180752034
42.3659,281321.99,265687.14236839826,15634.847631601733
40.9808,284410.82,248380.5566365017,36030.26336349832
43.3094,293181.0,277476.0122247583,15704.987775241723
38.5025,211679.88,217414.62535402447,-5734.7453540244605
37.3844,205080.66,203444.15859578794,1636.5014042120602
41.885,302773.76,259678.3797675253,43095.38023247471
45.2594,328083.46,301840.92607733083,26242.533922669187
45.0474,314988.37,299192.0226225896,15796.347377410391
45.6087,324188.32,306205.36936384544,17982.950636154565
45.8687,309963.22,309454.0245441884,509.19545581156854
40.4934,229308.3,242290.57765612024,-12982.277656120248
37.5582,220450.08,205615.75963557104,14834.320364428946
43.0964,294472.29,274814.61394240044,19657.676057599543
45.2674,315920.75,301940.8846982644,13979.865301735583
43.2225,314900.92,276390.2117048667,38510.708295133256
45.5051,312859.92,304910.9052227549,7949.014777245058
41.5152,298664.75,255057.79251486826,43606.957485131745
41.2353,210734.97,251560.49026495282,-40825.52026495282
39.5925,223561.66,231033.98745623173,-7472.327456231724
42.2559,291654.46,264312.71133056073,27341.748669439286
44.762,330274.04,295625.9988207823,34648.04117921769
47.4269,349703.64,328923.4649365365,20780.17506346351
48.0266,327029.08,336416.6130582738,-9387.53305827378
47.7983,328202.78,333564.04391338024,-5361.263913380215
42.7241,239494.22,270162.7896207016,-30668.56962070157
41.5787,239884.92,255851.2140685289,-15966.294068528892
48.2004,363988.47,338588.2140980569,25400.255901943077
47.0368,330930.15,324049.2326832602,6880.917316739797
47.6441,361188.95,331637.34149488446,29551.608505115553
49.6571,372001.67,356789.4294873093,15212.240512690681
49.6261,373978.86,356402.0898311916,17576.770168808405
43.0631,230744.18,274398.5361827641,-43654.35618276411
42.6466,230210.69,269194.440480407,-38983.750480406976
48.2833,361647.42,339624.03530748154,22023.384692518448
45.6489,332836.93,306707.6614340369,26129.26856596308
43.535,321664.54,280294.8453350866,41369.694664913404
47.7448,361672.22,332895.5706358865,28776.64936411346
50.9401,358003.71,372820.29331954045,-14816.583319540427
42.2733,232689.34,264530.1213310914,-31840.78133109139
43.2403,221354.26,276612.619636444,-55258.359636444016
49.1102,359455.65,349956.00826373405,9499.64173626597
47.2019,357441.01,326112.12872277806,31328.881277221953
50.1866,381815.53,363405.440710354,18410.089289646014
46.719,340292.18,320078.3764666718,20213.803533328173
43.8306,332348.02,283988.31637858425,48359.70362141577
42.056,216595.03,261814.9952899816,-45219.9652899816
39.7572,223720.48,233091.8855647028,-9371.405564702785
44.623,329433.09,293889.2177820604,35543.87221793964
44.2549,299284.68,289289.87173635175,9994.808263648243
45.7459,351428.28,307919.6597128572,43508.62028714281
47.2368,367895.52,326548.1982066011,41347.321793398936
46.1381,338967.38,312820.13110412855,26147.248895871453
42.7407,221346.27,270370.2037591387,-49023.933759138716
40.6223,236179.44,243901.1609359134,-7721.720935913385
45.2799,346435.51,302097.07004347316,44338.439956526854
46.2625,356112.45,314374.48765964643,41737.96234035358
46.1024,341723.58,312374.06575821224,29349.51424178778
47.4382,357378.43,329064.6564886052,28313.7735113948
48.0849,381782.48,337145.0615083275,44637.41849167249
42.5574,250737.97,268079.90185699705,-17341.93185699705
41.0715,227753.47,249513.8375013367,-21760.367501336703
48.0909,358406.83,337220.03047402774,21186.79952597228
46.6506,347224.17,319223.73025768914,28000.439742310846
48.9311,366594.14,347718.1846375824,18875.95536241762
46.6181,323963.36,318817.6483601463,5145.71163985366
46.8117,344531.94,321236.6469867402,23295.293013259827
40.1298,242278.58,237747.45833468676,4531.121665313229
43.8924,234574.75,284760.4967252966,-50185.7467252966
46.9061,370027.36,322416.15871375706,47611.201286242926
48.7344,356916.59,345260.45204537676,11656.137954623264
46.2271,344084.85,313932.17076201516,30152.67923798482
48.634,387269.26,344005.97135265963,43263.28864734038
47.2681,351672.65,326939.28631100385,24733.363688996178
41.6057,236079.9,256188.5744141799,-20108.6744141799
40.8967,242899.11,247329.74163393694,-4430.631633936951
47.2278,383900.95,326435.74475805066,57465.205241949356
47.7391,358020.3,332824.3501184713,25195.94988152868
49.5187,373103.61,355060.1453451576,18043.46465484239
47.3251,385157.94,327651.491485156,57506.448514844
48.6066,387959.51,343663.61307596194,44295.89692403807
42.6348,237505.05,269047.0015145298,-31541.95151452982
42.6125,227028.12,268768.36685867736,-41740.24685867736
46.4044,350790.58,316147.5036984568,34643.07630154322
49.2069,338474.85,351164.2580942692,-12689.408094269224
51.515,388208.65,380003.56971638347,8205.080283616553
49.2695,389516.32,351946.43430307496,37569.88569692505
51.2572,365802.88,376782.40315679717,-10979.523156797164
44.8455,263313.15,296669.31692677713,-33356.16692677711
45.8454,249753.29,309162.8950607192,-59409.605060719216
53.9992,447295.61,411043.2204817992,36252.38951820077
53.2734,401259.81,401974.4745975955,-714.664597595518
54.482,414680.68,417075.72325514373,-2395.0432551437407
56.0622,446431.12,436820.04985505925,9611.07014494075
55.4207,430845.75,428804.6179389437,2041.132061056327
51.0522,291451.95,374220.9634953729,-82769.0134953729
46.9843,271893.67,323393.2542333832,-51499.58423338324
51.6561,408427.98,381766.58989310043,26661.390106899547
52.089,391777.5,387175.6007683715,4601.899231628515
46.5345,380925.25,317773.0807713899,63152.16922861012
52.0415,409011.54,386582.096456578,22429.443543421978
52.1794,389618.24,388305.13318492146,1313.1068150785286
43.9538,274110.56,285527.6791409623,-11417.119140962313
43.829,243368.92,283968.3246543977,-40599.40465439766
54.184,376815.45,413352.26462536596,-36536.81462536595
54.7517,431070.52,420445.5782633688,10624.941736631212
54.4117,398254.4,416197.33687368955,-17942.936873689527
54.8499,373771.71,421672.57033532916,-47900.86033532914
55.4856,421253.92,429615.5322512678,-8361.612251267827
47.4335,264961.86,329005.9307988067,-64044.07079880673
46.6878,263405.53,319688.53784503066,-56283.00784503063
56.9423,410176.08,447816.74764052033,-37640.66764052032
53.8838,430165.12,409601.31737483153,20563.802625168464
53.183,397675.26,400844.94218104554,-3169.6821810455294
58.1978,421276.89,463504.00371329195,-42227.11371329194
54.6737,387194.21,419470.98170926585,-32276.771709265828
42.5246,234996.16,267670.0715111691,-32673.911511169077
44.6614,266134.05,294369.01916254195,-28234.969162541965
48.3062,350430.65,339910.1668599041,10520.483140095952
51.4317,378681.3,378962.75057591207,-281.45057591208024
49.0145,391098.93,348760.2532608154,42338.67673918459
49.081,381797.91,349591.15929732635,32206.750702673628
51.1019,392856.73,374841.95642792305,18014.773572076927
43.1385,262873.21,275340.64618506364,-12467.43618506362
44.7484,246958.16,295456.0691651951,-48497.9091651951
49.5577,378270.43,355547.4436222089,22722.986377791094
47.9155,376404.83,335028.43771005794,41376.39228994207
50.2935,361300.27,364741.13778257975,-3440.867782579735
51.6241,364662.86,381366.75540936587,-16703.895409365883
50.5519,443805.4,367969.801238736,75835.598761264
42.5339,252718.08,267786.27340800443,-15068.193408004445
44.5985,261249.87,293583.09450545127,-32333.224505451275
50.9123,376377.97,372472.9371117961,3905.0328882038593
48.9192,380280.75,347569.4961889435,32711.253811056493
51.2489,369699.35,376678.69608757854,-6979.346087578568
51.3367,379718.99,377775.7419523251,1943.2480476748897
51.8631,405968.8,384353.01920975815,21615.780790241843
46.7881,267924.05,320941.76905498595,-53017.719054985966
48.5608,259174.11,343091.34997111687,-83917.23997111688
53.1489,432914.55,400418.8685593158,32495.681440684188
53.2268,414809.75,401392.21563065704,13417.53436934296
52.774,411649.86,395734.55768581363,15915.302314186352
54.5322,384272.82,417702.96360150236,-33430.14360150235
53.3944,438207.9,403486.3487392167,34721.55126078334
50.3251,287258.29,365135.97433526756,-77877.68433526758
48.717,292327.99,345043.042044846,-52715.052044846
48.4793,386395.94,342073.0215203556,44322.9184796444
50.48,376769.77,367071.4231330949,9698.346866905107
50.9635,376592.72,373112.67228577135,3480.0477142286254
49.6976,357011.15,357295.47000578593,-284.3200057859067
51.9665,398258.47,385644.98438532534,12613.485614674632
42.8604,256070.0,271865.8346248582,-15795.834624858224
45.3149,253614.2,302534.3890100579,-48920.18901005789
50.6289,385420.66,368931.90296522214,16488.75703477784
51.3589,400347.5,378053.12712541595,22294.37287458405
48.7544,367987.81,345510.3485977107,22477.46140228928
48.8398,358301.69,346577.4068761773,11724.283123822708
48.9177,362510.97,347550.75394751853,14960.216052481439
43.8368,262564.41,284065.7843098078,-21501.37430980784
45.6983,264063.38,307324.90591830213,-43261.525918302126
49.162,366641.89,350603.24033427925,16038.64966572076
49.0769,376168.19,349539.93050409784,26628.259495902166
49.8798,378607.99,359572.0275975494,19035.96240245062
49.0163,350830.86,348782.74395052553,2048.1160494744545
51.8369,404073.34,384025.6547262004,20047.685273799638
45.7427,256887.03,307879.6762644837,-50992.646264483716
43.8464,243001.17,284185.7346549283,-41184.56465492831
50.4813,369085.15,367087.6664089967,1997.4835910033435
50.7966,390681.05,371027.2855565434,19653.764443456603
49.6504,363049.27,356705.7141422774,6343.5558577226475
50.4536,397713.48,366741.55968401395,30971.920315986034
47.1467,401996.7,325422.41423833603,76574.28576166398
44.0917,250816.41,287250.7158693058,-36434.30586930577
41.4721,233150.81,254519.26544458827,-21368.455444588268
50.0677,375895.67,361919.805706728,13975.864293271967
49.3811,371667.6,353340.8570650992,18326.7429349008
49.2085,343527.58,351184.249818456,-7656.669818455994
50.3092,383890.42,364937.3065761619,18953.113423838106
48.5258,363213.94,342654.03100453224,20559.908995467762
42.7933,244712.84,271027.4316917774,-26314.59169177743
44.8186,264096.91,296333.2060638878,-32236.29606388783
52.8252,381266.28,396374.29285978887,-15108.01285978884
51.9942,378433.29,385991.09111030796,-7557.801110307977
53.3232,390954.13,402596.7170129074,-11642.587012907374
52.6288,410662.13,393920.30871586816,16741.821284131845
54.0566,428968.49,411760.423586998,17208.066413001972
46.1513,249978.03,312985.062828669,-63007.03282866898
50.0308,278105.04,361458.74656767154,-83353.70656767156
52.8157,389672.64,396255.5919974302,-6582.95199743018
50.8047,397550.08,371128.4936602387,26421.58633976133
48.2907,351441.78,339716.49703184527,11725.28296815476
48.7774,352707.93,345797.729632895,6910.200367105019
48.8984,375593.16,347309.60377451614,28283.55622548383
43.4808,250546.75,279617.6256782614,-29070.875678261393
47.6507,264078.7,331719.8073571548,-67641.10735715477
51.8837,363769.09,384610.4126586622,-20841.32265866216
49.5059,392905.17,354900.2115516637,38004.958448336285
52.2631,391769.65,389350.9502564396,2418.699743560399
50.7641,386320.52,370621.20365900046,15699.316340999561
52.4819,376935.96,392084.8185389745,-15148.858538974484
47.7539,261467.39,333009.27356719854,-71541.88356719853
45.6765,237656.8,307052.5186762579,-69395.71867625794
49.4638,335011.04,354374.1793090005,-19363.139309000515
50.4895,356965.05,367190.1239954536,-10225.073995453597
51.9608,371008.99,385573.76386791,-14564.77386791003
53.2915,383612.13,402200.63097745785,-18588.50097745785
46.5909,367966.54,318477.78904897196,49488.75095102802
44.4953,245476.73,292293.6282954074,-46816.89829540739
42.1701,219821.98,263240.6551210475,-43418.675121047505
49.1903,354570.89,350956.84395583195,3614.0460441680625
46.4982,323912.14,317319.5185289035,6592.621471096529
50.1081,363104.14,362424.5967424428,679.5432575572049
50.9217,372441.54,372590.38849139307,-148.8484913930879
47.796,338532.43,333535.30580986175,4997.1241901382455
42.992,237131.52,273510.1539392164,-36378.63393921641
43.0887,219954.59,274718.4037697518,-54763.81376975178
48.0113,329731.38,336225.4421957381,-6494.062195738079
47.696,338254.52,332285.8230481914,5968.696951808641
47.0775,342861.13,324557.77216726006,18303.357832739945
46.3815,358583.61,315861.37214603426,42722.23785396572
47.8701,350886.84,334461.1725362595,16425.66746374051
43.3633,222364.37,278149.48343329865,-55785.113433298655
43.0224,242895.54,273889.99669876427,-30994.45669876426
48.2891,356105.88,339696.50530765846,16409.374692341546
46.7077,338617.07,319937.184914603,18679.885085396993
46.8878,329956.66,322187.5033683714,7769.156631628575
50.8601,340028.33,371820.70711020415,-31792.377110204136
52.3231,339581.45,390100.63991344185,-50519.189913441835
45.5812,225605.44,305861.76160438615,-80256.32160438615
48.2285,226641.82,338939.31875408615,-112297.49875408615
50.627,350413.41,368908.1627927504,-18494.752792750427
49.1266,347178.83,350160.923436648,-2982.0934366479632
52.4644,349247.83,391866.159055682,-42618.329055682
50.5858,331743.43,368393.3758949422,-36649.94589494221
45.7153,322896.27,307537.31798778614,15358.952012213878
40.7013,219231.58,244888.252317633,-25656.672317633027
43.4359,234885.09,279056.60791827133,-44171.51791827133
47.5708,331562.99,330721.4706305801,841.519369419897
47.6613,337753.36,331852.2525298918,5901.107470108196
49.6649,357910.76,356886.8891427197,1023.8708572803298
47.6292,330069.56,331451.1685633956,-1381.6085633956245
48.5006,338731.07,342339.1613485913,-3608.091348591319
46.2041,242187.94,313644.7897268309,-71456.8497268309
43.8107,223077.28,283739.6693090119,-60662.389309011895
50.2465,345071.12,364153.88088459463,-19082.760884594638
50.8636,337353.63,371864.4390068626,-34510.809006862575
44.3328,319310.1,290263.218807693,29046.881192306988
44.9771,328424.3,298313.6362411353,30110.663758864684
45.8709,308890.69,309481.5131649452,-590.8231649451773
42.8171,219746.61,271324.80858905497,-51578.198589054984
41.8993,215856.09,259857.0558024441,-44000.965802444116
45.9959,298662.59,311043.36661703314,-12380.776617033116
44.1074,313985.86,287446.8846628879,26538.97533711209
45.6461,318925.19,306672.67591671017,12252.514083289832
45.463,300561.06,304384.8729800917,-3823.812980091723
48.2235,336430.12,338876.84461600275,-2446.724616002757
43.517,232872.04,280069.9384379861,-47197.89843798606
42.6226,233105.08,268894.5646176061,-35789.484617606126
47.9541,332030.58,335510.7380560626,-3480.158056062588
50.0351,336700.7,361512.47432642337,-24811.774326423358
45.9256,326580.58,310164.98023557896,16415.59976442106
44.0454,313874.51,286672.20535065234,27202.304649347672
44.7214,298964.34,295118.7088195442,3845.63118045585
40.5322,206905.91,242775.3769676484,-35869.46696764839
39.5094,193537.66,229995.66728128365,-36458.007281283644
44.7949,306919.8,296037.07864937186,10882.721350628126
43.3988,290176.28,278593.04981369164,11583.230186308385
43.9354,315401.93,285297.77431281493,30104.155687185063
44.4777,301108.79,292073.7193293534,9035.070670646557
44.6478,298135.73,294199.08950695465,3936.640493045328
41.2915,210994.27,252262.69957701158,-41268.429577011586
37.1225,196720.46,200171.76324297325,-3451.3032429732557
42.968,288770.29,273210.27807641565,15560.01192358433
44.5369,311361.42,292813.41312426236,18548.00687573763
43.3571,291547.73,278072.0155020751,13475.714497924899
45.3078,331651.84,302445.6757339793,29206.1642660207
45.7847,319793.88,308404.4590243853,11389.420975614688
41.6089,214270.12,256228.55786255334,-41958.43786255334
38.7075,199711.01,219976.06501544884,-20265.05501544883
45.1328,284035.48,300259.0809010562,-16223.600901056197
45.1422,294119.22,300376.53228065313,-6257.312280653161
45.3778,315116.68,303320.3136671486,11796.366332851409
43.3801,278470.25,278359.3965372592,110.85346274077892
44.3785,316306.51,290834.23242977646,25472.277570223552
39.2169,201679.4,226340.93020339776,-24661.530203397764
41.6471,207268.08,256705.86027751147,-49437.78027751148
47.5118,311103.66,329984.2758011946,-18880.615801194625
47.4317,294444.34,328983.4401090966,-34539.10010909656
45.1169,308329.51,300060.4131419505,8269.09685804951
48.9062,298651.63,347407.0634299264,-48755.4334299264
49.4996,336158.8,354821.4941376785,-18662.69413767854
43.3302,199045.29,277735.90463918576,-78690.61463918575
44.1533,227572.41,288020.3972504947,-60447.98725049468
50.146,322594.25,362898.1507091159,-40303.9007091159
49.2605,325959.74,351833.98085452465,-25874.240854524658
49.0133,329520.77,348745.25946767547,-19224.48946767545
45.5826,309565.37,305879.2543630495,3686.115636950475
44.2742,321998.92,289531.02190935414,32467.898090645846
44.7558,222616.66,295548.5308895587,-72931.87088955872
38.9794,181635.57,223373.40864443057,-41737.838644430565
43.5862,294926.17,280934.5805090619,13991.589490938059
43.292,287273.43,277258.6022242276,10014.82777577237
43.9056,290255.05,284925.42844983714,5329.621550162847
43.2432,295396.78,276648.8546365325,18747.92536346754
42.7915,288002.85,271004.9410020673,16997.90899793268
39.8104,205054.5,233756.61039391148,-28702.110393911484
38.2917,188394.55,214780.71569242334,-26386.165692423354
41.9216,277053.5,260135.69045829662,16917.809541703376
44.5719,297499.74,293250.73209084687,4249.0079091531225
43.5045,305920.74,279913.7530927772,26006.986907222774
43.2455,279760.5,276677.59274005087,3082.9072599491337
44.0534,282120.63,286772.16397158604,-4651.533971586032
36.5003,195608.44,192397.48149986006,3210.958500139939
37.9515,195379.41,210529.9753372207,-15150.565337220702
42.3821,297550.37,265889.55857578886,31660.811424211133
44.0726,320544.23,287012.0646618267,33532.165338173276
41.5239,291223.7,255166.49751513352,36057.20248486649
41.9027,274646.87,259899.538216341,14747.331783659
42.8634,312532.62,271903.3191077084,40629.30089229159
37.759,199400.86,208124.72102100519,-8723.8610210052
38.1319,202779.9,212784.04223927407,-10004.142239274079
44.2876,314511.11,289698.452599418,24812.657400581986
42.8965,296516.72,272316.8979018213,24199.822098178673
44.2934,330602.51,289770.9225995948,40831.5874004052
42.9374,293082.25,272827.93635134446,20254.313648655545
43.2408,307245.24,276618.8670502524,30626.3729497476
38.6401,188077.94,219133.91363408294,-31055.97363408294
39.9284,217494.11,235231.0000526826,-17736.890052682604
44.7587,336144.73,295584.7658896472,40559.9641103528
45.5418,319089.6,305369.46539628797,13720.13460371201
43.2008,307179.47,276119.07394558424,31060.39605441573
44.1609,301636.27,288115.3579403816,13520.912059618393
43.0433,321463.42,274151.13859595347,47312.28140404652
38.1449,199942.59,212946.47499829123,-13003.884998291236
36.4381,187519.63,191620.30322210107,-4100.673222101061
42.1825,297795.59,263395.59098349465,34399.999016505375
43.6101,277023.94,281233.2068891012,-4209.266889101185
44.3238,292020.15,290150.7653591427,1869.3846408573445
43.0568,298504.04,274319.81876877893,24184.221231221047
43.0534,286757.6,274277.3363548821,12480.26364511787
39.6594,222256.45,231869.8914237892,-9613.44142378919
37.2796,179838.78,202134.70066155738,-22295.92066155738
44.8116,300222.36,296245.74227057083,3976.6177294291556
42.9893,302278.56,273476.4179046514,28802.142095348623
45.1362,343920.33,300301.5633149529,43618.76668504713
44.0745,330793.21,287035.80483429844,43757.40516570158
44.863,309275.23,296887.9764100694,12387.253589930595
39.8292,203978.97,233991.5131531055,-30012.543153105507
39.073,210460.94,224542.92450935405,-14081.98450935405
44.1327,344672.35,287763.00380159053,56909.34619840945
43.1868,312660.13,275944.1463589504,36715.98364104959
46.576,330043.14,318291.6161174831,11751.523882516893
44.1547,320325.64,288037.89000915806,32287.749990841956
43.2876,297543.54,277203.6249827141,20339.915017285908
38.9507,198378.42,223014.80709183117,-24636.38709183116
39.2816,201812.65,227149.34555019846,-25336.695550198463
43.074,320929.37,274534.72980378615,46394.64019621385
44.3069,330596.41,289939.6027724204,40656.807227579586
45.5075,312921.6,304940.892809035,7980.707190964953
45.5455,341083.69,305415.6962584697,35667.993741530285
45.5205,313939.92,305103.3255680521,8836.594431947859
41.4179,218577.09,253842.04578776297,-35264.95578776297
39.9862,219587.22,235953.20108892798,-16365.981088927976
47.1104,323864.79,324968.85199584963,-1104.0619958496536
44.8674,318897.49,296942.95365158294,21954.536348417052
44.4996,319447.01,292347.35605415923,27099.65394584078
48.4618,372474.62,341854.3620370632,30620.25796293677
48.436,332093.29,341531.99548455223,-9438.70548455225
43.7793,225203.81,283347.3317218474,-58143.52172184741
42.5985,226390.2,268593.4392720435,-42203.23927204352
47.8027,338239.28,333619.0211548938,4620.258845106233
48.2759,332874.38,339531.57358311804,-6657.193583118031
47.0859,368431.38,324662.7287192404,43768.6512807596
48.7615,328891.42,345599.0618737894,-16707.641873789427
48.1302,334771.12,337711.0771993643,-2939.9571993643185
43.7681,226791.29,283207.3896525403,-56416.09965254032
39.5971,220963.65,231091.46366326854,-10127.81366326855
44.4139,316037.47,291276.5493274076,24760.920672592358
43.2542,307680.97,276786.29774031625,30894.67225968372
45.2991,331117.48,302336.97073371394,28780.50926628604
46.619,347589.71,318828.89370500133,28760.816294998687
47.1196,329709.76,325083.80440992326,4625.955590076745
37.761,208333.91,208149.71067623864,184.1993237613642
39.9705,215756.48,235757.0322953458,-20000.552295345784
46.4205,334799.46,316348.67042308557,18450.789576914452
45.3607,315918.66,303106.652114903,12812.007885097002
44.8221,303856.27,296376.93796054623,7479.332039453788
46.0439,333793.03,311643.118342635,22149.91165736504
45.6482,334385.29,306698.91505470534,27686.374945294636
40.3132,235790.15,240039.0097195902,-4248.859719590197
38.2423,210541.29,214163.47120815818,-3622.181208158174
45.5815,324938.68,305865.5100526711,19073.16994732892
46.4171,346836.39,316306.18800918886,30530.201990811154
43.5731,329108.59,280770.8982672831,48337.69173271692
46.3328,326584.34,315252.87404110073,11331.465958899294
45.2141,338656.15,301274.9103862941,37381.2396137059
42.2088,231174.1,263724.204949814,-32550.104949814006
41.8869,237601.33,259702.11993999704,-22100.78993999705
45.1766,355539.83,300806.3543506677,54733.47564933234
45.6002,364596.45,306099.1633291035,58497.286670896516
46.775,336848.21,320778.08681320713,16070.123186792887
45.7911,362137.38,308484.4259211322,53652.9540788678
47.569,351553.31,330698.9799408701,20854.33005912992
40.9945,227985.32,248551.73577485053,-20566.415774850524
43.7426,240049.33,282888.7715483145,-42839.4415483145
46.2737,320317.08,314514.4297289535,5802.650271046499
49.2257,337383.61,351399.16085346334,-14015.550853463355
47.1292,361252.05,325203.75475504366,36048.29524495633
46.8132,365920.02,321255.38922816527,44664.63077183475
45.6308,346638.47,306481.5050541746,40156.9649458254
41.0472,244031.67,249210.2131902508,-5178.543190250784
40.3981,239489.37,241099.82058424834,-1610.4505842483486
48.5543,366126.47,343010.13359160826,23116.33640839171
51.2395,376853.63,376561.2447079816,292.3852920184145
49.3671,355199.89,353165.92947846523,2033.9605215347838
52.7326,435933.6,395217.271822482,40716.32817751798
50.3948,363331.91,366006.8638201518,-2674.9538201518008
46.5874,246293.46,318434.05715231353,-72140.59715231354
45.6643,251639.71,306900.0817793341,-55260.37177933412
49.2449,391698.06,351639.061543704,40058.99845629599
50.5309,370438.98,367707.4098587852,2731.570141214761
52.9275,370371.32,397652.5137249776,-27281.19372497761
50.3332,379818.2,365237.18243896286,14581.017561037152
45.1071,347358.07,299937.9638313068,47420.10616869322
40.3111,211122.05,240012.77058159513,-28890.720581595146
42.531,229056.17,267750.03840791597,-38693.86840791596
46.5114,374445.05,317484.450253444,56960.59974655596
48.7715,371153.29,345724.01014995645,25429.27985004353
47.639,388743.79,331573.61787403934,57170.17212596064
47.8762,371877.67,334537.39098472137,37340.27901527862
47.7379,350289.49,332809.3563253314,17480.133674668614
44.1725,250282.5,288260.29794073536,-37977.797940735356
42.684,235762.43,269661.7470332717,-33899.31703327171
51.7285,425957.24,382671.2154125497,43286.024587450316
51.3833,391850.45,378358.0009192636,13492.449080736435
51.3845,383927.65,378372.9947124036,5554.655287596397
52.691,384353.29,394697.4869936273,-10344.196993627294
51.2368,403846.03,376527.50867341645,27318.521326583577
47.9154,253442.43,335027.1882272962,-81584.75822729623
45.4395,252366.42,304091.2445310992,-51724.824531099206
52.6997,385368.3,394806.19199389254,-9437.891993892554
55.2851,410053.93,427110.3193141187,-17056.389314118715
52.3094,389845.05,389929.46077509294,-84.41077509295428
53.5637,379979.99,405601.7230547246,-25621.73305472464
54.5694,393309.84,418167.77118884376,-24857.931188843737
44.6268,266806.77,293936.69812700397,-27129.92812700395
46.0894,264997.66,312211.632999195,-47213.972999195044
49.9761,365630.1,360775.2794970379,4854.820502962102
47.493,360203.8,329749.3730420006,30454.426957999414
49.631,384147.43,356463.3144865134,27684.115513486613
46.7721,357710.16,320741.8518131188,36968.308186881186
50.2689,390647.13,364433.7650232088,26213.3649767912
45.692,245182.11,307246.18850431684,-62064.07850431686
44.2947,257977.67,289787.1658754966,-31809.495875496563
49.1381,356348.39,350304.6139542401,6043.776045759907
51.0686,393111.95,374425.87866828684,18686.071331713174
48.7995,381704.78,346073.8653232241,35630.91467677592
51.458,427965.85,379291.3645422313,48674.485457768664
52.6356,419871.63,394005.2735436617,25866.35645633831
46.9177,263197.28,322561.0987141109,-59363.81871411088
46.7257,262649.6,320162.09181170375,-57512.491811703774
53.2538,409143.05,401729.5759763081,7413.474023691902
53.1964,419262.87,401012.3728711093,18250.49712889071
52.485,412896.83,392123.5525045862,20773.277495413844
50.9852,395888.79,373383.8100450537,22504.979954946262
49.4241,389363.63,353878.1346526174,35485.49534738262
44.565,272797.89,293164.5177802916,-20366.6277802916
44.6914,248320.23,294743.86399104306,-46423.633991043054
51.0879,375537.27,374667.0288412892,870.2411587107927
50.0241,406679.54,361375.0312226396,45304.508777360374
49.5123,394907.18,354980.1784484107,39927.00155158929
50.787,394519.79,370907.335211423,23612.454788576986
52.1146,379352.18,387495.46835535916,-8143.288355359167
48.3105,258859.72,339963.8946186559,-81104.1746186559
45.9518,248026.67,310492.3447191365,-62465.67471913647
47.5608,390039.04,330596.52235441306,59442.51764558692
49.4699,383150.27,354450.39775746246,28699.87224253756
50.5922,394481.87,368473.3427916891,26008.5272083109
51.504,410319.62,379866.1266125997,30453.49338740029
52.5835,372478.45,393354.29302483157,-20875.843024831556
45.6518,258736.38,306743.8964341254,-48007.51643412537
43.0802,255660.79,274612.1977350097,-18951.407735009707
49.5289,360417.63,355187.59258684795,5230.037413152051
50.9836,398765.0,373363.818320867,25401.181679132977
48.421,376877.73,341344.5730703017,35533.15692969831
49.2766,404700.81,352035.14757915353,52665.662420846464
49.5673,391383.79,355667.3939673294,35716.39603267057
47.7818,256280.63,333357.8792577046,-77077.24925770459
49.1615,278780.06,350596.9929204709,-71816.93292047089
53.284,433993.36,402106.9197703325,31886.440229667467
55.056,422173.39,424247.75430713175,-2074.3643071317347
56.9943,441453.83,448466.478676589,-7012.648676588957
57.1741,410905.23,450713.0486820723,-39807.818682072335
61.6079,450893.78,506112.61536901386,-55218.83536901383
54.2176,300667.51,413772.0908332872,-113104.58083328721
53.3781,310462.66,403282.6830490645,-92820.0230490645
61.173,414402.74,500678.61483850935,-86275.87483850936
56.2167,441756.18,438750.50072183996,3005.679278160038
59.8801,455779.0,484524.0522128729,-28745.05221287289
56.6211,433108.36,443803.409010035,-10695.049010035
57.6618,442765.81,456806.77611073875,-14040.966110738751
49.6174,291372.09,356293.3848309263,-64921.29483092629
47.9797,272563.49,335830.6056430503,-63267.11564305029
53.3737,453534.09,403227.7058075509,50306.3841924491
53.367,409794.1,403143.990462519,6650.109537480981
57.5185,433001.31,455016.2673132651,-22014.957313265128
55.7703,413348.25,433172.8096737433,-19824.559673743322
54.1621,414945.94,413078.62790056027,1867.3120994397323
43.3166,270388.27,277565.9749835986,-7177.704983598553
45.9027,286713.26,309878.8486831564,-23165.588683156413
52.5048,385942.98,392370.9500913969,-6427.970091396943
47.6846,372101.28,332143.3820133611,39957.89798663894
52.5369,422498.31,392772.0340578932,29726.27594210679
50.9799,361170.32,373317.5874586853,-12147.267458685266
51.0031,389570.34,373607.46745939273,15962.872540607292
45.2395,250999.2,301592.27900775836,-50593.07900775835
44.0378,264495.23,286577.2446607653,-22082.0146607653
50.7628,391022.74,370604.9603830988,20417.779616901185
51.9576,381111.26,385533.7804195365,-4422.520419536508
48.9379,381300.25,347803.14946537593,33497.10053462407
51.6078,385685.87,381163.08971921355,4522.78028078645
51.2062,398773.48,376145.1669483454,22628.313051654608
43.8674,259008.09,284448.1260348791,-25440.03603487913
42.916,222437.07,272560.5470403469,-50123.47704034689
48.8526,387452.17,346737.3406696712,40714.829330328794
49.5017,387404.99,354847.7332756736,32557.256724326406
50.2788,369528.53,364557.4638166141,4971.066183385905
50.5935,394738.49,368489.58606759086,26248.903932409128
50.6613,398451.22,369336.73538000335,29114.484619996627
44.5189,252410.75,292588.5062271616,-40177.75622716162
43.4514,233716.94,279250.27774633025,-45533.337746330246
50.95,388172.13,372943.99211294577,15228.13788705424
51.8636,388329.37,384359.2666235664,3970.1033764336025
50.1262,404415.15,362650.75312230515,41764.396877694875
49.3492,375217.13,352942.27206412633,22274.857935873675
50.897,390476.29,372281.7662492604,18194.52375073958
45.3609,253604.11,303109.1510804263,-49505.04108042631
42.6935,232549.74,269780.4478956304,-37230.70789563039
49.6901,351775.29,357201.7587986606,-5426.468798660615
49.3137,372899.28,352498.7056837332,20400.574316266808
49.4008,340284.82,353587.0051691481,-13302.185169148084
50.1953,374287.69,363514.1457106194,10773.544289380603
50.1936,378855.01,363492.904503671,15362.105496329023
43.6373,245109.35,281573.06620027556,-36463.71620027555
44.522,236069.86,292627.2401927734,-56557.38019277342
52.6102,385918.88,393687.90492219746,-7769.024922197452
53.4284,410776.76,403911.1728781847,6865.587121815304
51.537,383630.54,380278.4559239509,3352.0840760490973
54.504,396945.14,417350.60946271126,-20405.469462711248
56.5068,398866.16,442375.25021344575,-43509.09021344577
48.5161,247976.75,342532.83117665024,-94556.08117665024
49.6596,282946.55,356820.6665563511,-73874.11655635113
53.6041,409664.98,406106.51409043954,3558.465909560444
53.9402,378064.76,410306.0256524136,-32241.265652413596
53.1081,379302.17,399909.07959255436,-20606.90959255438
51.5431,383669.11,380354.67437241285,3314.4356275871396
53.3074,387142.7,402399.2987365634,-15256.598736563406
49.48,260537.34,354576.5955163911,-94039.2555163911
46.3977,236449.95,316063.78835342475,-79613.83835342474
47.9,329236.9,334834.767881999,-5597.867881999002
48.3523,351984.63,340486.1784130342,11498.45158696582
49.0573,386468.47,349295.0318828104,37173.438117189566
49.539,404090.95,355313.7903457766,48777.15965422342
50.4555,363673.27,366765.2998564857,-3092.029856485664
44.0329,239097.13,286516.0200054435,-47418.89000544348
47.0577,272516.32,324310.3745804493,-51794.0545804493
47.7985,358167.49,333566.54287890356,24600.947121096426
48.4141,360463.08,341258.3587597464,19204.721240253595
49.6436,354463.36,356620.74931448384,-2157.389314483851
49.9052,374064.56,359889.3962190136,14175.16378098639
50.5982,342209.68,368548.31175738934,-26338.631757389347
46.3413,264454.67,315359.0800758427,-50904.410075842694
40.9498,227500.87,247993.2169803839,-20492.34698038391
48.8493,349057.01,346696.10773853597,2360.9022614640417
48.8801,343771.73,347080.9484291305,-3309.218429130502
48.2696,337143.21,339452.85616913275,-2309.6461691327277
48.4735,333368.32,342000.5515201787,-8632.23152017867
48.6203,357153.24,343834.79221431084,13318.447785689146
41.4722,244077.91,254520.51492734998,-10442.604927349981
43.1264,235847.22,275189.45877090143,-39342.23877090143
47.256,314440.12,326788.09889684175,-12347.978896841756
47.2861,324543.19,327164.19320810447,-2621.003208104463
45.782,349685.42,308370.7229898202,41314.69701017981
48.3919,337434.64,340980.9735866557,-3546.3335866556736
46.9157,342124.81,322536.10905887745,19588.700941122544
43.5372,232359.74,280322.33395584335,-47962.59395584336
42.9841,235609.74,273411.44480104453,-37801.70480104454
49.0719,344768.5,349477.4563660142,-4708.956366014201
45.736,339699.67,307795.9609194518,31903.7090805482
47.355,310399.4,328025.0868308954,-17625.68683089537
47.7552,335554.28,333025.5168431003,2528.7631568997167
47.7933,341272.81,333501.5697752967,7771.240224703273
43.0201,219548.39,273861.2585952459,-54312.868595245876
42.6053,232442.98,268678.40409983706,-36235.42409983705
45.5375,329903.04,305315.73763753613,24587.302362463844
46.317,332056.67,315055.45576475677,17001.214235243213
46.9566,340020.94,323047.1475084006,16973.792491599394
48.2343,346851.34,339011.7887542631,7839.551245736948
46.2807,326631.81,314601.8935222705,12029.916477729508
42.2806,205058.75,264621.3335726934,-59562.5835726934
40.6509,211170.91,244258.51300575107,-33087.603005751065
45.8508,318353.38,309230.3671298495,9123.012870150502
45.8534,326323.09,309262.8536816529,17060.236318347102
47.1014,370378.94,324856.3985472993,45522.54145270068
45.272,306803.51,301998.3609053013,4805.149094698718
46.1731,341749.8,313257.45007071306,28492.349929286924
44.3534,222580.22,290520.61225659715,-67940.39225659714
40.4618,225208.69,241895.74110343232,-16687.051103432314
45.0334,297458.41,299017.0950359558,-1558.6850359558011
44.6311,335503.2,293990.4258857558,41512.77411424421
45.641,309327.88,306608.95229586493,2718.9277041350724
45.1817,311336.19,300870.0779715129,10466.112028487085
46.8311,332967.34,321479.0466425043,11488.293357495742
41.3178,220511.45,252591.31354333088,-32079.863543330866
42.4706,240305.72,266995.3508198671,-26689.630819867103
44.4319,313639.69,291501.45622450835,22138.23377549165
45.5963,319142.77,306050.4335013983,13092.336498601711
46.7598,319733.92,320588.16543343326,-854.2454334332724
46.2817,326543.46,314614.3883498872,11929.071650112804
44.2622,316638.52,289381.08397795376,27257.436022046255
42.06,203044.27,261864.9746004485,-58820.70460044852
39.9039,197134.72,234924.8767760733,-37790.1567760733
43.245,310703.4,276671.3453262425,34032.05467375752
44.7093,304286.56,294967.52140538197,9319.038594618032
43.1623,287842.96,275638.0230823412,12204.936917658837
45.7199,305538.39,307594.794194823,-2056.4041948230006
46.4899,326925.3,317215.81145968486,9709.488540315127
40.036,189725.33,236575.4435042399,-46850.11350423991
38.6733,200379.45,219548.7419109575,-19169.291910957487
46.4249,313701.45,316403.6476645991,-2702.197664599109
43.1825,315438.4,275890.4186001986,39547.98139980144
45.0322,351852.08,299002.1012428157,52849.97875718429
44.4428,309663.69,291637.6498455304,18026.040154469607
46.0375,329931.6,311563.1514458881,18368.448554111877
38.9057,209886.77,222452.53984907956,-12565.769849079574
39.341,194174.43,227891.5383106307,-33717.10831063072
46.1357,327921.55,312790.14351784834,15131.406482151651
46.491,342648.31,317229.5557700633,25418.75422993669
46.3932,315218.81,316007.5616291496,-788.7516291495995
43.651,301155.13,281744.24533862434,19410.88466137566
45.6692,304160.09,306961.306434656,-2801.216434656002
39.6243,203695.89,231431.32297444285,-27735.43297444284
41.4442,219420.86,254170.65975408227,-34749.79975408228
45.0685,300912.74,299455.663485302,1457.076514697983
44.7383,298968.44,295329.87140626647,3638.5685937335365
43.8472,284414.52,284195.7305170216,218.78948297840543
42.8843,282331.93,272164.4610048975,10167.468995102507
44.5537,301099.92,293023.3262282229,8076.593771777058
39.5497,197885.33,230499.20883423684,-32613.87883423685
38.6328,210477.96,219042.70139248105,-8564.741392481053
43.2824,290304.21,277138.65187910735,13165.558120892674
43.2103,298033.76,276237.7748079429,21795.985192057095
45.9086,321541.19,309952.56816609495,11588.621833905054
42.7377,279326.92,270332.71927628864,8994.200723711343
44.0457,283993.61,286675.95379893726,-2682.343798937276
37.6861,184089.35,207213.84808774752,-23124.498087747517
38.4549,193511.7,216819.87155946944,-23308.171559469425
44.4773,309938.3,292068.72139830666,17869.578601693327
43.9524,287441.79,285510.1863822988,1931.6036177011556
45.027,292169.02,298937.1281392089,-6768.108139208867
44.4116,292129.57,291247.81122388924,881.7587761107716
43.8105,302167.45,283737.1703434886,18430.27965651144
39.4905,175664.49,229759.5150393279,-54095.02503932791
38.8765,185141.83,222087.69088267174,-36945.860882671754
43.5123,294880.8,280011.2127481876,14869.587251812394
42.0756,311309.79,262059.89391126903,49249.89608873095
43.2284,310564.0,276463.93118780525,34100.068812194746
41.6213,277931.32,256383.49372500047,21547.826274999534
45.2543,309261.32,301777.2024564856,7484.1175435144105
39.5524,208046.12,230532.94486880186,-22486.824868801865
39.6842,214876.42,232179.7631486834,-17303.3431486834
40.5008,275686.54,242383.0393804838,33303.500619516184
41.7064,303172.73,257446.803555182,45725.926444817975
42.2212,286120.11,263879.14081226115,22240.96918773884
42.9584,307865.84,273090.32773129526,34775.51226870477
44.2871,287446.61,289692.20518560964,-2245.595185609651
38.1259,189515.63,212709.0732735739,-23193.44327357388
40.4753,195271.53,242064.42127625784,-46792.89127625784
46.7217,301721.2,320112.11250123684,-18390.91250123683
46.465,313119.62,316904.690252029,-3785.0702520289924
46.2152,328448.95,313783.4823133764,14665.467686623626
45.5533,313044.79,305513.1559138801,7531.634086119884
47.2702,325727.86,326965.5254489989,-1237.665448998916
43.9745,221911.69,285786.32207262795,-63874.63207262795
42.3204,205614.16,265118.6277118381,-59504.46771183811
47.303,317260.82,327375.35579482676,-10114.535794826748
46.1972,316810.63,313558.57541627577,3252.054583724239
45.2045,299019.89,301154.96004117385,-2135.070041173836
43.0394,322684.91,274102.4087682483,48582.501231751696
42.1792,306205.08,263354.35805235966,42850.721947640355
38.4297,181713.91,216505.00190352846,-34791.09190352846
37.8661,180010.62,209462.91705875425,-29452.29705875425
42.6767,288514.29,269570.5347916697,18943.755208330287
43.2582,302814.9,276836.27705078304,25978.62294921698
43.2476,292655.41,276703.8318780459,15951.578121954051
43.4625,296777.67,279388.9703328756,17388.69966712437
42.2329,269802.19,264025.3302953766,5776.859704623406
37.9662,201263.27,210713.64930318622,-9450.37930318623
38.6608,189141.56,219392.55656574876,-30250.996565748763
44.0656,277070.55,286924.60086850973,-9854.050868509745
42.2113,309773.58,263755.4420188558,46018.13798114419
41.469,282974.68,254480.53147897654,28494.148521023453
43.112,292225.08,275009.53325322096,17215.54674677906
43.523,300490.42,280144.9074036863,20345.512596313667
38.625,188203.59,218945.24173707073,-30741.65173707073
39.859,204868.59,234363.8590160833,-29495.2690160833
44.3224,310029.17,290133.2726004793,19895.897399520676
43.8503,313427.5,284234.4644826334,29193.035517366603
43.3281,300319.46,277709.6655011906,22609.79449880944
44.1681,316854.32,288205.3206992219,28648.999300778087
43.741,322962.49,282868.7798241277,40093.710175872315
38.1195,202625.1,212629.10637682694,-10004.006376826932
40.9765,222748.85,248326.82887774985,-25577.978877749847
42.1149,304301.05,262550.9406366055,41750.1093633945
45.5881,327163.73,305947.9759149413,21215.754085058696
45.8897,344993.63,309716.4159241392,35277.2140758608
44.1023,306676.73,287383.1610420428,19293.568957957206
43.5947,323302.25,281040.786543804,42261.46345619601
39.1093,208041.5,224996.4867518404,-16954.98675184039
39.5939,209911.6,231051.4802148951,-21139.880214895093
45.4045,305359.53,303653.9255645145,1705.6044354855549
44.9584,301649.98,298079.9829647029,3569.9970352970995
42.882,322128.06,272135.722901379,49992.33709862101
44.086,301410.25,287179.49535189045,14230.754648109549
43.8064,331005.94,283685.94155026006,47319.99844973994
38.2136,208973.55,213804.86965555878,-4831.319655558793
38.154,205242.05,213060.17792960326,-7818.1279296032735
42.28,310693.36,264613.8366761233,46079.52332387667
43.9976,311305.21,286074.9525905738,25230.25740942621
43.3162,302330.18,277560.9770525519,24769.202947448066
44.0271,324436.1,286443.55000526656,37992.54999473342
45.8579,315968.5,309319.0804059281,6649.419594071922
39.7449,203960.65,232938.19918501738,-28977.549185017386
39.832,219055.55,234026.4986704323,-14970.94867043232
44.7031,329395.08,294890.0534741584,34505.02652584162
44.2924,317037.0,289758.4277719782,27278.572228021803
43.5707,312702.85,280740.910681003,31961.93931899697
45.4319,330389.02,303996.28384121216,26392.736158787855
45.348,335873.9,302947.9678041708,32925.93219582923
39.3266,210307.8,227711.61279295018,-17403.812792950193
39.5398,216381.13,230375.5100408314,-13994.380040831398
47.5427,348102.79,330370.3659745507,17732.42402544926
46.3763,344370.74,315796.3990424273,28574.340957572684
43.7603,351197.59,283109.92999713006,68087.66000286996
46.0332,320060.57,311509.42368713627,8551.14631286374
45.5445,343433.21,305403.2014308531,38030.008569146914
38.7269,205220.06,220218.4646712129,-14998.404671212891
41.5137,228894.46,255039.05027344316,-26144.590273443173
45.1502,344730.92,300476.4909015867,44254.42909841327
45.5115,345708.01,304990.8721195018,40717.137880498194
45.032,340613.28,298999.6022772923,41613.67772270774
43.7286,330874.98,282713.84396168054,48161.13603831944
43.5151,310180.92,280046.1982655142,30134.721734485764
39.2681,233454.71,226980.66537737293,6474.044622627058
37.7236,224011.89,207682.40412337385,16329.48587662616
44.4485,333451.54,291708.8703629457,41742.66963705426
45.3766,376743.87,303305.31987400854,73438.55012599146
45.0692,326658.86,299464.4098646338,27194.450135366176
45.8221,340445.69,308871.76557725004,31573.92442274996
46.4061,346717.41,316168.7449054051,30548.66509459488
42.6549,241118.1,269298.1475496256,-28180.047549625597
42.3713,239836.28,265754.6144375284,-25918.33443752842
46.965,352046.0,323152.10406038095,28893.895939619048
44.525,333219.8,292664.72467562347,40555.07532437652
44.7194,353221.62,295093.7191643107,58127.900835689274
45.7403,339244.36,307849.6886782036,31394.67132179637
45.058,352280.67,299324.4677953266,52956.20220467338
42.026,222554.57,261440.1504614806,-38885.5804614806
40.0313,222694.1,236516.71781444142,-13822.617814441415
46.0964,355212.74,312299.096792512,42913.643207488
44.5682,341951.24,293204.5012286651,48746.73877133487
49.6955,386136.61,357269.2308677909,28867.379132209113
47.0729,355775.28,324500.2959602232,31274.984039776842
46.7783,342312.94,320819.31974434236,21493.620255657646
41.9872,249573.96,260955.3511499525,-11381.391149952513
44.1006,257370.15,287361.91983509436,-29991.76983509437
50.5711,386900.51,368209.7019289767,18690.80807102332
48.2581,347704.05,339309.1656515406,8394.884348459367
49.1702,374452.73,350705.6979207363,23747.032079263707
54.9312,439615.99,422688.3998205671,16927.590179432882
52.2354,372877.34,389004.8435314569,-16127.503531456867
46.8197,264810.53,321336.60560767376,-56526.07560767373
46.9821,266276.99,323365.76561262656,-57088.775612626574
53.8005,374432.51,408560.49823436013,-34127.98823436012
52.1622,409446.74,388090.22214991413,21356.51785008586
55.4044,407562.77,428600.95224879147,-21038.182248791447
55.6943,398112.6,432223.2027748738,-34110.60277487384
52.8554,376533.07,396751.6366538133,-20218.566653813294
44.0806,258085.61,287112.0232827603,-29026.413282760303
46.6025,259023.77,318622.7290493257,-59598.9590493257
50.1594,404425.28,363065.58139917965,41359.69860082038
51.3245,422352.06,377623.3050554014,44728.75494459859
51.1306,392473.69,375200.5579805225,17273.13201947749
49.758,389407.05,358050.1575938348,31356.892406165192
50.6481,438414.86,369171.8036554629,69243.05634453706
43.8439,256012.56,284154.4975858865,-28141.93758588651
43.3012,272511.14,277373.5546383014,-4862.414638301358
47.7284,382427.18,332690.6554629726,49736.524537027406
49.4265,354633.76,353908.12223889737,725.6377611026401
49.288,362436.81,352177.58861398394,10259.221386016055
48.8795,358152.5,347073.4515325604,11079.0484674396
49.6469,376017.33,356661.98224561906,19355.347754380957
42.5642,265478.42,268164.8666847906,-2686.4466847906006
40.5089,237045.57,242484.2474841791,-5438.67748417909
47.29,369402.58,327212.92303580965,42189.65696419036
49.3252,367955.86,352642.39620132535,15313.463798674638
50.0789,372691.02,362059.747776035,10631.272223965032
48.2415,380677.23,339101.7515131034,41575.47848689661
50.6627,410222.91,369354.2281386667,40868.68186133326
42.2137,259796.2,263785.4296051359,-3989.2296051359153
43.2539,260048.58,276782.5492920312,-16733.969292031223
47.4059,362489.22,328661.0735565857,33828.14644341427
51.0102,413667.06,373696.1807354713,39970.87926452869
49.383,405110.45,353364.5972375709,51745.8527624291
48.4335,383172.04,341500.7584155105,41671.28158448945
47.801,389979.59,333597.7799479454,56381.81005205464
52.8748,306077.39,396994.0363095774,-90916.6463095774
51.7059,305926.01,382388.8323084122,-76462.82230841217
60.4434,453948.88,491562.38860936207,-37613.50860936206
57.3659,443199.75,453109.55661895603,-9909.806618956034
56.0054,451823.03,436110.3436464305,15712.686353569501
57.6343,439586.7,456463.16835127946,-16876.468351279444
53.919,398677.45,410041.1353069395,-11363.685306939471
47.9753,268144.66,335775.6284015367,-67630.96840153675
48.4766,262078.98,342039.28548579046,-79960.30548579045
54.2165,395428.05,413758.346522909,-18330.29652290902
53.3184,383366.23,402536.7418403472,-19170.5118403472
57.9537,436732.54,460454.01629205456,-23721.476292054576
59.0013,438392.23,473543.5977033136,-35151.36770331359
59.8782,462209.51,484500.31204040116,-22290.802040401148
50.1366,277654.64,362780.69932951883,-85126.05932951882
44.1015,258384.83,287373.16517994937,-28988.335179949383
51.45,415897.99,379191.40592129773,36706.58407870226
51.4997,396038.84,379812.3988538479,16226.441146152152
52.56,407800.77,393060.66457583907,14740.105424160953
51.2974,400007.76,377284.69522698876,22723.064773011254
50.8891,417233.65,372183.05711108854,45050.59288891149
45.5317,282464.9,305243.2676373593,-22778.367637359304
47.6132,263278.36,331251.25132152834,-67972.89132152835
53.139,398582.07,400295.1697659106,-1713.0997659105924
50.2565,386053.15,364278.82916076167,21774.320839238353
51.505,414868.87,379878.62144021643,34990.24855978356
51.6374,399301.51,381532.936616668,17768.573383331997
50.2602,378817.08,364325.0600229434,14492.019977056596
45.5489,281394.25,305458.17867236666,-24063.92867236666
45.4226,276135.44,303880.0819443769,-27744.641944376926
50.1127,402722.09,362482.07294947957,40240.01705052046
50.5283,384929.63,367674.9233069818,17254.706693018205
48.9567,383093.9,348038.05222456995,35055.84777543007
53.4113,387378.31,403697.511325939,-16319.201325938979
50.8947,399549.99,372253.028145742,27296.96185425797
45.3384,243849.2,302828.0174590504,-58978.81745905039
44.3637,250231.43,290649.3089810492,-40417.87898104923
50.103,382301.58,362360.8731215976,19940.706878402445
51.9178,408047.73,385036.4862803918,23011.243719608174
49.456,373249.29,354276.71965359023,18972.570346409746
51.2485,398443.44,376673.6981565319,21769.741843468102
50.6389,400239.57,369056.8512413892,31182.718758610834
41.9641,231105.15,260666.72063200665,-29561.570632006653
47.9652,291218.22,335649.4306426081,-44431.210642608115
49.9736,388049.72,360744.04242799606,27305.677572003915
51.8863,425083.98,384642.8992104656,40441.080789534375
52.9378,419716.7,397781.2104494297,21935.489550570317
52.0149,416060.97,386249.7340419737,29811.235958026256
49.5526,397498.05,355483.7200013638,42014.32999863621
48.5466,284990.39,342913.9234189597,-57923.533418959705
45.5239,274795.88,305145.80798194895,-30349.927981948946
50.9442,413249.57,372871.52211276896,40378.04788723105
49.0323,380127.57,348982.6611923928,31144.908807607193
50.8599,376222.58,371818.20814468083,4404.371855319187
50.4901,393949.4,367197.62089202367,26751.779107976356
50.5843,368932.14,368374.6336535171,557.5063464829
45.9516,250377.96,310489.84575361316,-60111.88575361317
44.4684,239118.96,291957.51743251807,-52838.55743251808
48.9285,392403.99,347685.698085779,44718.291914221016
51.6354,388636.41,381507.94696143456,7128.463038565416
53.3048,396161.39,402366.81218476,-6205.422184759984
54.0168,411420.17,411263.1294478532,157.04055214679101
52.717,382459.59,395022.3525116615,-12562.76251166145
47.2851,279206.5,327151.69838048785,-47945.198380487855
46.2927,271831.49,314751.831453671,-42920.34145367099
53.3579,393338.5,403030.28753120697,-9691.787531206966
49.7284,379267.1,357680.31069638033,21586.789303619647
49.0808,372425.87,349588.660331803,22837.20966819697
51.2813,347740.7,377083.52850235975,-29342.828502359742
49.4499,381274.04,354200.50120512827,27073.53879487171
46.6224,283270.07,318871.37611889816,-35601.30611889815
45.2019,258517.7,301122.4734893703,-42604.7734893703
49.3994,366460.16,353569.5124104847,12890.647589515254
49.8831,400986.51,359613.26052868436,41373.24947131565
50.3478,407389.82,365419.60692216665,41970.21307783335
51.3408,406919.42,377826.9707455536,29092.449254446372
49.667,349915.01,356913.12828071474,-6998.118280714727
42.6679,248618.44,269460.5803086428,-20842.140308642818
43.5779,238050.81,280830.8734398433,-42780.0634398433
51.642,380153.17,381590.4128237049,-1437.2428237049025
53.0633,417523.32,399349.311315326,18174.008684673987
54.211,399521.3,413689.624971017,-14168.32497101702
53.271,414526.27,401944.4870113154,12581.782988684601
54.1931,402944.47,413465.9675566781,-10521.497556678136
48.0774,262930.66,337051.35030120227,-74120.6903012023
47.2041,249260.88,326139.6173435347,-76878.73734353471
52.9058,391339.98,397381.37596569513,-6041.395965695148
48.6754,369537.1,344523.25721599127,25013.84278400871
49.8275,358502.6,358918.5481131957,-415.94811319571454
49.851,387476.24,359212.1765621882,28264.063437811797
48.74,361104.35,345330.42308003025,15773.92691996973
42.8695,240516.6,271979.53755617025,-31462.937556170247
42.8935,249478.8,272279.41341897123,-22800.613418971247
48.805,408778.4,346142.586875116,62635.81312488404
50.0252,392832.6,361388.77553301805,31443.824466981925
49.8359,350764.75,359023.50466517603,-8258.754665176035
51.4349,394685.58,379002.73402428546,15682.845975714561
49.073,341582.73,349491.20067639265,-7908.470676392666
45.4495,244359.93,304216.19280726626,-59856.26280726626
45.2193,240789.59,301339.88348990097,-60550.29348990097
47.67,374368.77,331960.9575301572,42407.812469842844
50.4228,375816.55,366356.71899341955,9459.83100658044
50.8028,375712.62,371104.75348776695,4607.866512233042
47.5035,350883.75,329880.568731976,21003.181268024025
48.5773,374883.89,343297.5146267925,31586.3753732075
45.8181,256154.25,308821.78626678325,-52667.53626678325
42.4404,232858.52,266618.00702584255,-33759.487025842565
49.1893,365625.88,350944.34912821534,14681.530871784664
47.5604,347879.16,330591.5244233664,17287.635576633562
48.4615,358254.87,341850.6135887782,16404.25641122181
48.9072,345428.87,347419.55825754313,-1990.6882575431373
48.229,376014.54,338945.5661678945,37068.97383210546
42.9259,237710.22,272684.2458337523,-34974.02583375233
43.4411,230896.04,279121.58102187817,-48225.54102187816
47.5304,345752.43,330216.6795948653,15535.750405134691
49.4557,346371.96,354272.9712053052,-7901.011205305171
46.4819,337089.51,317115.8528387513,19973.65716124873
46.9711,344745.32,323228.3225088428,21516.997491157206
47.4298,339812.17,328959.69993662485,10852.470063375134
40.3306,207272.25,240256.4197201208,-32984.169720120786
41.2727,217215.31,252027.79681781755,-34812.48681781755
47.1883,358713.47,325942.1990671909,32771.2709328091
47.2149,368004.68,326274.56148179516,41730.118518204836
50.391,387139.49,365959.3834752083,21180.106524791685
49.3974,345821.81,353544.5227552514,-7722.712755251385
50.243,368726.77,364110.1489879362,4616.621012063813
44.3967,233616.11,291061.6382924004,-57445.52829240041
45.4525,245953.57,304253.6772901163,-58300.10729011631
48.4031,359146.85,341120.9156559628,18025.934344037203
48.3273,349968.93,340173.8077226166,9795.122277383402
50.8597,370624.18,371815.7091791574,-1191.5291791573982
46.2414,295067.46,314110.846796934,-19043.386796934006
47.3521,342466.11,327988.85183080693,14477.258169193054
39.7558,218761.07,233074.39280603948,-14313.322806039476
42.5784,232889.12,268342.29323694773,-35453.17323694774
47.7631,350943.47,333124.2259812723,17819.24401872768
47.1069,330891.89,324925.1200991912,5966.769900808809
47.0065,322395.99,323670.6394064742,-1274.6494064742
46.394,363169.76,316017.557491243,47152.20250875701
47.9977,340643.68,336055.512540151,4588.167459848977
44.1416,236837.95,287874.20776737924,-51036.257767379226
41.4168,229633.28,253828.30147738458,-24195.02147738458
47.1546,328146.3,325521.123376508,2625.176623491978
48.4817,334008.26,342103.0091066356,-8094.749106635572
48.1011,332320.42,337347.4777157182,-5027.057715718227
48.4433,310598.64,341623.20772615424,-31024.56772615423
48.8886,343465.08,347187.15446387243,-3722.0744638724136
42.8583,214798.67,271839.59548686317,-57040.925486863154
42.4025,221767.2,266144.4530591696,-44377.25305916957
48.3991,346943.61,341070.93634549587,5872.67365450412
45.7601,312785.0,308097.0862650145,4687.9137349855155
45.8352,303069.87,309035.44781902886,-5965.577819028869
48.1956,336678.15,338528.2389254967,-1850.088925496675
46.9174,346137.92,322557.35026582587,23580.569734174118
40.3994,212739.75,241116.06386015005,-28376.313860150054
39.8087,196671.31,233735.36918696313,-37064.05918696313
44.4445,313825.42,291658.8910524788,22166.528947521176
46.4785,330342.03,317073.37042485445,13268.659575145575
44.9769,324733.2,298311.137275612,26422.06272438803
45.3396,283811.5,302843.01125219045,-19031.511252190452
45.6971,314744.76,307309.9121251621,7434.8478748379275
40.876,221302.08,247071.09870227112,-25769.018702271132
42.2302,209494.51,263991.5942608116,-54497.08426081156
44.1929,281245.46,288515.1924241162,-7269.73242411617
44.7915,332557.95,295994.59623547504,36563.353764524974
45.1224,334914.2,300129.1346938424,34785.06530615763
47.9741,315074.87,335760.6346083968,-20685.7646083968
43.7014,310292.73,282373.9846505062,27918.74534949381
45.2628,249926.23,301883.40849122754,-51957.17849122753
43.6142,221677.02,281284.4356823296,-59607.41568232959
46.844,319098.26,321640.2299187598,-2541.9699187597726
47.5388,337534.76,330321.63614684565,7213.123853154364
50.3152,332894.54,365012.2755418621,-32117.735541862145
48.0688,336125.1,336943.8947836986,-818.7947836986277
48.9072,333212.46,347419.55825754313,-14207.098257543112
41.6909,212079.62,257253.1337271231,-45173.51372712309
44.4261,220075.27,291428.9862243314,-71353.71622433144
46.6515,329458.85,319234.97560254426,10223.874397455715
48.8877,328481.99,347175.9091190174,-18693.91911901743
48.2691,345840.95,339446.6087553244,6394.3412446756265
46.128,329082.55,312693.9333451998,16388.616654800193
48.6407,338488.62,344089.68669769156,-5601.066697691567
44.9653,213002.38,298166.19727525814,-85163.81727525813
38.905,186026.82,222443.79346974782,-36416.97346974781
43.7267,297547.44,282690.1037892088,14857.336210791196
44.8822,328638.63,297127.87710031006,31510.75289968995
42.9457,299777.95,272931.6434205631,26846.306579436932
44.7572,281702.51,295566.0236482221,-13863.513648222084
45.3476,313932.57,302942.96987312404,10989.600126875972
38.8812,203259.12,222146.41657247028,-18887.29657247028
40.1888,211760.83,238484.65316407225,-26723.823164072266
48.013,321902.72,336246.6834026865,-14343.963402686524
47.9696,329661.14,335704.40788412164,-6043.267884121626
47.0637,317797.69,324385.34354614955,-6587.653546149551
47.7587,315847.48,333069.24873975874,-17221.768739758758
43.9177,303190.42,285076.61586399924,18113.80413600075
39.2652,184346.38,226944.43037728453,-42598.050377284526
40.2092,205845.59,238739.54764745303,-32893.95764745303
45.0326,307276.92,299007.09917386237,8269.820826137613
43.7065,317764.97,282437.7082713514,35327.26172864856
44.3924,306306.59,291007.91053364857,15298.67946635146
46.317,296934.3,315055.45576475677,-18121.155764756782
47.9938,327200.8,336006.7827124458,-8805.982712445839
42.7735,198503.42,270780.0341049667,-72276.61410496666
42.9194,211410.97,272603.02945424384,-61192.059454243834
45.5046,317990.04,304904.6578089467,13085.3821910533
45.8269,308988.92,308931.74074981024,57.17925018974347
47.8513,310116.36,334226.2697770656,-24109.909777065623
50.7099,332345.23,369943.98400217516,-37598.75400217518
49.2955,312229.09,352271.29982110916,-40042.209821109136
44.1572,206096.72,288069.1270781999,-81972.40707819987
41.9343,201897.84,260294.3747690288,-58396.5347690288
49.1402,304654.31,350330.85309223516,-45676.543092235166
43.9336,312434.78,285275.2836231048,27159.49637689523
44.481,306785.35,292114.9522604885,14670.397739511449
42.8754,300506.01,272053.2570391088,28452.75296089123
44.9539,290520.89,298023.7562404277,-7502.866240427713
39.0783,214138.81,224609.14709572255,-10470.337095722556
39.1927,204313.41,226038.55537507357,-21725.145375073567
43.8281,302719.79,283957.07930954255,18762.710690457432
43.7303,308650.72,282735.08516862895,25915.63483137102
44.5744,331573.49,293281.9691598887,38291.520840111305
44.7447,332685.49,295409.83830301336,37275.651696986635
43.4333,319155.07,279024.1213664679,40130.9486335321
38.7964,204480.04,221086.85519057378,-16606.815190573776
38.1221,182833.15,212661.59292863042,-29828.442928630422
48.3593,312879.72,340573.64220635104,-27693.922206351068
47.2763,318036.41,327041.74389746075,-9005.333897460776
44.738,303254.1,295326.1229579814,7927.977042018552
48.3564,330620.42,340537.4072062627,-9916.987206262711
51.5908,358974.77,380950.67764972965,-21975.907649729634
44.9457,225681.91,297921.2986539708,-72239.38865397082
45.1974,223113.93,301066.24676509516,-77952.31676509517
46.4686,322848.04,316949.67163144914,5898.368368550844
48.1235,312596.41,337627.36185433227,-25030.951854332292
48.8611,321897.37,346843.54670441314,-24946.17670441314
42.689,295409.21,269724.2211713552,25684.988828644797
43.3745,294675.9,278289.4255026056,16386.474497394403
38.3099,217621.94,215008.12155504734,2613.81844495266
39.068,220182.19,224480.45037127053,-4298.260371270531
43.6477,304731.33,281703.01240748924,23028.31759251078
45.1802,315608.22,300851.3357300878,14756.884269912145
46.6259,341473.1,318915.1080155566,22557.99198444339
45.7178,325978.18,307568.55505682784,18409.62494317215
47.0713,326487.67,324480.3042360365,2007.3657639634912
41.4334,217453.3,254035.71561582183,-36582.41561582184
45.074,222760.08,299524.3850371939,-76764.3050371939
42.1694,295322.9,263231.90874171595,32090.991258284077
46.1761,333720.29,313294.93455356325,20425.355446436733
45.9382,330997.77,310322.4150635494,20675.354936450603
47.6963,343046.62,332289.5714964764,10757.048503523576
49.4739,347884.45,354500.37706792925,-6615.927067929239
43.6057,222884.49,281178.22964758764,-58293.739647587645
42.8414,233491.96,271628.4329001409,-38136.472900140885
48.5318,318227.67,342728.9999702325,-24501.329970232502
46.3859,330244.49,315916.3493875477,14328.140612452291
43.9916,311617.59,285999.9836248737,25617.606375126343
46.9075,339056.72,322433.65147242043,16623.06852757954
48.4988,372120.16,342316.6706588813,29803.489341118664
43.3768,249749.06,278318.1636061241,-28569.103606124118
38.8224,195303.07,221411.7207086081,-26108.650708608096
44.2964,302675.45,289808.407082445,12867.042917555023
45.7427,354390.69,307879.6762644837,46511.01373551629
48.7214,351871.05,345098.01928635954,6773.030713640444
47.2132,331403.05,326253.32027484686,5149.729725153127
47.8616,334559.59,334354.96650151757,204.62349848245503
42.6522,217370.96,269264.41151506046,-51893.45151506047
41.1547,229375.35,250553.40715904644,-21178.05715904644
44.6269,322215.93,293937.9476097656,28277.98239023442
44.6056,326380.15,293671.80778152985,32708.342218470178
46.1155,321430.87,312537.74799999094,8893.122000009054
44.2597,301857.62,289349.84690891195,12507.77309108805
46.1219,354900.34,312617.71489673783,42282.625103262195
39.2857,220475.22,227200.57434342697,-6725.354343426967
39.8872,221189.52,234716.21315487433,-13526.693154874345
45.9065,343591.57,309926.3290280999,33665.240971900115
46.1371,347208.06,312807.6362765117,34400.42372348829
45.9374,333847.26,310312.419201456,23534.840798544
45.6386,347721.16,306578.96470958483,41142.19529041514
46.0895,352673.31,312212.88248195674,40460.42751804326
41.1908,218790.08,251004.47043600952,-32214.390436009533
39.3363,220453.92,227832.81262083224,-7378.892620832223
43.8051,319088.29,283669.6982743584,35418.59172564157
43.3948,305028.76,278543.07050322474,26485.689496775274
46.7885,336731.69,320946.7669860327,15784.923013967287
46.2085,335811.51,313699.76696834445,22111.743031655555
44.7062,327636.24,294928.7874397703,32707.452560229693
43.1306,221588.25,275241.93704689166,-53653.68704689166
43.1007,208592.4,274868.34170115227,-66275.94170115227
49.1397,325384.11,350324.6056784268,-24940.495678426814
50.4314,345285.7,366464.1745109231,-21178.474510923086
48.4519,358051.46,341730.6632436579,16320.796756342112
48.8683,338367.76,346933.5094632533,-8565.749463253305
50.5779,345913.96,368294.6667567702,-22380.706756770203
43.4092,220284.42,278722.9960209053,-58438.57602090531
43.3426,230970.31,277890.8405016328,-46920.53050163278
48.4013,345447.39,341098.42496625264,4348.965033747372
49.0844,379539.08,349633.64171122306,29905.43828877696
50.2671,361303.47,364411.2743334987,-3107.8043334987015
50.4236,357126.47,366366.71485551284,-9240.244855512865
44.6763,322183.18,294555.1920940308,27627.987905969203
41.4136,248693.58,253788.31802901113,-5094.738029011147
41.4109,227142.17,253754.581994446,-26612.41199444598
46.7298,341738.47,320213.32060493215,21525.149395067827
46.8853,349004.86,322156.2662993296,26848.593700670404
46.8616,357166.69,321860.13888481376,35306.551115186245
46.1556,346904.38,313038.7905874208,33865.5894125792
45.0811,342403.15,299613.09831327247,42790.05168672756
41.6915,250680.18,257260.6306236931,-6580.450623693119
40.7529,232772.82,245532.98542265483,-12760.165422654827
46.1692,348732.36,313208.7202430079,35523.63975699211
46.7186,344110.09,320073.37853562506,24036.711464374966
46.9858,371757.5,323411.9964748083,48345.503525191685
46.155,332513.76,313031.29369085084,19482.466309149168
46.7371,351402.54,320304.53284653404,31098.007153465936
44.3305,211760.09,290234.4807041746,-78474.39070417461
45.6348,238666.85,306531.48436464136,-67864.63436464136
48.671,365065.57,344468.2799744777,20597.290025522292
52.2229,389580.97,388848.65818624815,732.3118137518177
51.4909,382898.78,379702.4443708209,3196.3356291791424
48.7096,332340.26,344950.5803204825,-12610.320320482482
49.2764,373622.82,352032.6486136302,21590.171386369795
41.755,227831.87,258054.05217735382,-30222.182177353825
42.2865,240882.99,264695.0530556318,-23812.06305563182
46.0153,347332.24,311285.76627279725,36046.47372720274
49.0255,367194.92,348897.69636459916,18297.22363540082
46.6543,373182.9,319269.961119871,53912.93888012902
47.6288,359518.09,331446.17063234886,28071.919367651164
48.8424,382250.77,346609.8934279807,35640.876572019304
42.8655,242194.33,271929.55824570346,-29735.228245703474
44.661,255921.01,294364.0212314952,-38443.011231495184
51.7971,368993.65,383528.36058705556,-14534.710587055539
49.1864,389948.45,350908.1141281269,39040.33587187313
51.0148,382995.7,373753.6569425082,9242.043057491828
50.8487,396764.69,371678.2660753736,25086.423924626375
51.7901,377302.14,383440.8967937387,-6138.756793738692
47.0437,265397.01,324135.4469938155,-58738.43699381547
45.1318,257981.19,300246.58607343934,-42265.39607343933
50.6434,393153.88,369113.0779656643,24040.802034335677
51.6407,413471.46,381574.1695478031,31897.290452196903
51.6955,392430.07,382258.8861011985,10171.183898801508
51.2974,396266.2,377284.69522698876,18981.504773011256
49.5829,390896.21,355862.31327814993,35033.89672185009
45.3127,245934.98,302506.9003893011,-56571.920389301114
45.3514,257883.97,302990.4502180675,-45106.4802180675
50.5016,423058.39,367341.3114096158,55717.07859038422
49.9647,371689.6,360632.83846220747,11056.76153779251
49.8042,412983.36,358627.4186297265,54355.941370273475
48.1273,367707.21,337674.84219927574,30032.367800724285
47.1134,377949.19,325006.3364786997,52942.853521300305
43.89,261032.83,284730.5091390165,-23697.679139016516
42.5863,256049.36,268441.0023751197,-12391.642375119729
52.2512,411650.57,389202.26180780085,22448.308192199154
51.9286,397263.33,385171.43041865225,12091.899581347767
52.4126,395222.07,391218.9269851368,4003.1430148631916
49.6323,387242.97,356479.55776241515,30763.412237584824
46.7013,375816.67,319857.2180178561,55959.45198214386
43.2085,240142.41,276215.2841182329,-36072.874118232896
46.9145,276970.51,322521.1152657373,-45550.60526573728
50.246,384192.41,364147.63347078627,20044.776529213705
51.755,381203.39,383002.32834439236,-1798.9383443923434
49.0894,373443.92,349696.1158493066,23747.80415069341
50.9082,407538.12,372421.7083185676,35116.41168143239
50.3734,411525.85,365739.47450915433,45786.37549084565
44.9014,256024.38,297367.77779055084,-41343.397790550836
45.4604,266013.22,304352.3864282883,-38339.16642828833
48.7696,370901.21,345700.2699774846,25200.940022515424
50.5572,388228.24,368036.02382510446,20192.216174895526
50.7307,413286.73,370203.87641660264,43082.853583397344
50.0505,394221.38,361704.8946717207,32516.48532827932
52.4481,415724.24,391662.4933655298,24061.746634470182
43.5173,252316.42,280073.686886271,-27757.266886270983
45.443,285067.03,304134.97642775765,-19067.94642775762
50.5522,415179.09,367973.54968702095,47205.54031297908
49.6337,402392.18,356497.0505210784,45895.12947892159
51.4525,414035.37,379222.64299033943,34812.727009660564
49.3067,383944.17,352411.24189041636,31532.92810958362
50.5213,393163.17,367587.4595136648,25575.710486335156
45.5717,256841.68,305743.0607420275,-48901.38074202748
46.4734,269129.37,317009.6468040092,-47880.27680400922
50.6125,389478.76,368726.9877923082,20751.7722076918
51.2175,408549.54,376286.35850041406,32263.181499585917
52.4602,412256.27,391813.6807796919,20442.589220308117
50.5677,394668.42,368167.21951507987,26501.20048492012
50.3152,400424.14,365012.2755418621,35411.86445813789
51.8269,288253.57,383900.70645003335,-95647.13645003334
48.7765,281780.23,345786.48428803997,-64006.254288039985
51.6626,390089.74,381847.8062726089,8241.933727391064
52.9821,424958.68,398334.7313128497,26623.948687150318
56.1195,418516.68,437536.0034774963,-19019.323477496335
53.7597,424582.47,408050.7092675986,16531.760732401395
55.582,458176.89,430820.03363351803,27356.85636648198
49.6809,259672.15,357086.80638458696,-97414.65638458697
50.6193,320140.14,368811.95262010186,-48671.812620101846
54.7843,432024.0,420852.90964367334,11171.090356326662
52.4539,407594.56,391734.9633657066,15859.596634293383
53.2641,413221.98,401858.27270076016,11363.707299239817
51.0089,404568.71,373679.93745956954,30888.77254043048
50.1847,399808.25,363381.7005378823,36426.54946211772
46.1491,249782.54,312957.5742079122,-63175.03420791219
45.0228,248472.6,298884.64986321866,-50412.04986321865
50.582,402676.46,368345.89554999874,34330.564450001286
50.6645,395695.98,369376.71882837673,26319.26117162325
51.5751,428628.32,380754.5088561473,47873.81114385271
50.0576,377866.15,361793.60794779926,16072.542052200763
49.7882,379528.11,358427.5013878592,21100.608612140757
45.1108,257735.42,299984.19469348853,-42248.77469348852
47.4447,285061.73,329145.8728681137,-44084.142868113704
52.2729,409824.11,389473.39956708334,20350.710432916647
49.966,409795.99,360649.08173810923,49146.908261890756
54.854,411706.58,421723.7991285577,-10017.219128557655
56.55,409158.17,442915.0267664873,-33756.8567664873
57.1311,417662.06,450175.771094554,-32513.71109455399
52.9426,292101.87,397841.1856219899,-105739.3156219899
52.0656,296317.69,386883.2218021406,-90565.53180214058
57.4587,422119.4,454269.0766217862,-32149.676621786202
56.0666,434191.2,436875.0270965727,-2683.8270965726697
51.5058,391923.6,379888.61730230984,12034.982697690139
55.6322,440110.59,431447.27397987654,8663.316020123486
55.3466,431538.48,427878.751212546,3659.7287874539616
53.4826,293288.75,404588.3925350099,-111299.64253500989
47.6769,292693.35,332047.1718407124,-39353.82184071245
54.8964,441707.62,422253.5798195059,19454.040180494078
57.2985,428362.64,452267.4052375902,-23904.76523759018
52.3142,419900.9,389989.43594765314,29911.464052346884
50.8926,370033.41,372226.78900774696,-2193.3790077469894
51.9509,394066.78,385450.0650745046,8616.714925495442
46.4972,271249.53,317307.0237012869,-46057.49370128685
45.9348,251677.29,310279.9326496526,-58602.64264965258
52.3348,365229.01,390246.8293965573,-25017.819396557286
52.1611,401046.73,388076.4778395358,12970.25216046418
50.7085,388502.29,369926.4912435118,18575.79875648819
49.6001,356938.81,356077.22431315726,861.5856868427363
51.5814,399899.15,380833.2262701326,19065.92372986744
42.9698,247112.23,273232.76876612566,-26120.538766125654
46.3874,272891.11,315935.0916289728,-43043.981628972804
52.3767,383678.45,390770.3626736972,-7091.912673697167
51.2395,383092.51,376561.2447079816,6531.265292018419
49.7153,393899.33,357516.6284546015,36382.70154539851
51.9981,382035.4,386039.82093801314,-4004.4209380131215
49.2407,378140.1,351586.5832677138,26553.516732286196
46.7358,262200.8,320288.2895706324,-58087.4895706324
44.2468,255434.03,289188.66363265645,-33754.63363265645
49.4549,388627.8,354262.9753432119,34364.824656788085
52.7136,379888.54,394979.87009776465,-15091.330097764672
52.2569,387910.0,389273.48232521606,-1363.4823252160568
48.5916,369941.51,343476.1906617114,26465.319338288624
50.7183,390919.41,370048.9405541555,20870.469445844472
45.9762,242898.1,310797.2185129841,-67899.1185129841
43.2286,226232.15,276466.4301533286,-50234.28015332858
51.103,409365.7,374855.7007383015,34509.99926169851
50.3094,372121.15,364939.8055416852,7181.344458314823
50.9348,371717.47,372754.0707331719,-1036.6007331719156
49.9403,372328.4,360327.96466835984,12000.435331640183
50.4762,375576.41,367023.94278815144,8552.467211848532
43.968,247035.86,285705.10569311946,-38669.245693119476
45.5503,259376.36,305475.6714310299,-46099.31143102993
53.0894,405092.87,399675.42631612194,5417.443683878053
53.1902,375690.17,400934.9049398857,-25244.734939885733
53.3708,390477.88,403191.47080746247,-12713.59080746246
54.8105,398978.71,421180.274127231,-22201.56412723096
53.43,405142.21,403931.1646023713,1211.045397628739
48.5732,258130.48,343246.285833564,-85115.805833564
47.9161,268433.64,335035.9346066279,-66602.2946066279
52.7663,404317.56,395638.347513165,8679.212486835022
53.4062,365565.57,403633.78770509374,-38068.21770509373
55.2036,395116.68,426091.9908633573,-30975.31086335733
48.9221,368307.01,347605.73118903197,20701.27881096804
49.4007,380379.08,353585.7556863865,26793.324313613528
45.1576,250430.46,300568.95262595033,-50138.49262595034
45.2035,231957.86,301142.465213557,-69184.60521355702
48.6531,382855.53,344244.6225601387,38610.90743986133
49.2595,373310.05,351821.4860269079,21488.563973092067
49.2352,379517.22,351517.861715822,27999.358284177957
49.7618,359260.78,358097.63793877827,1163.1420612217626
49.0168,345949.38,348788.9913643339,-2839.6113643338904
45.8555,242993.79,309289.092819648,-66295.30281964797
44.5316,227476.13,292747.1905378937,-65271.060537893674
49.4404,377151.94,354081.8003427696,23070.139657230407
48.935,339140.97,347766.9144652876,-8625.944465287612
48.7674,371814.27,345672.78135672794,26141.48864327208
48.7313,355597.79,345221.71807976486,10376.071920235117
48.3837,332343.89,340878.51600019867,-8534.626000198652
43.2696,245502.74,276978.71808561345,-31475.97808561346
43.6448,255545.09,281666.77740740066,-26121.687407400663
47.3775,383439.28,328306.22045227117,55133.05954772886
47.733,373803.46,332748.13167000946,41055.32832999056
48.6463,343400.71,344159.65773234505,-758.9477323450265
49.1892,363762.56,350943.0996454536,12819.460354546376
49.4293,353563.98,353943.1077562242,-379.1277562242467
42.8109,226776.36,271247.3406578314,-44470.98065783142
43.6549,216336.72,281792.9751663294,-65456.255166329414
46.4678,323695.79,316939.67576935573,6756.114230644249
49.1018,351654.76,349851.0517117537,1803.7082882463
48.7872,340697.04,345920.1789435387,-5223.13894353871
48.058,362406.15,336808.95064543816,25597.19935456186
48.493,338492.79,342244.2006587044,-3751.410658704408
43.7199,229896.7,282605.1389614153,-52708.43896141526
43.9916,220764.83,285999.9836248737,-65235.153624873696
46.5075,342602.45,317435.72042573884,25166.729574261175
46.7132,344749.25,320005.9064664949,24743.343533505104
46.9133,358919.08,322506.12147259736,36412.95852740266
46.5954,347981.84,318534.0157732471,29447.824226752913
47.2809,346312.86,327099.22010449774,19213.639895502245
41.7381,218891.18,257842.88959063153,-38951.70959063154
43.1592,239216.16,275599.2891167294,-36383.1291167294
46.9775,333743.04,323308.2894055897,10434.750594410289
47.1684,344555.41,325693.5519976184,18861.858002381574
47.742,331433.11,332860.5851185598,-1427.4751185597852
46.9943,345575.17,323518.2025095504,22056.967490449606
47.7294,346536.15,332703.1502905893,13832.99970941071
44.7392,233852.44,295341.1167511215,-61488.67675112147
43.2037,225064.52,276155.3089456727,-51090.78894567271
46.3043,324528.7,314896.7714540246,9631.928545975417
46.4249,327132.99,316403.6476645991,10729.34233540087
46.3638,347225.07,315640.21369721857,31584.856302781438
47.1803,321731.88,325842.2404462573,-4110.360446257284
45.1265,296426.79,300180.3634870709,-3753.573487070913
40.8965,228745.89,247327.24266841362,-18581.3526684136
41.3694,213092.83,253236.0466483528,-40143.21664835283
46.1837,342384.58,313389.8952434502,28994.684756549832
46.5593,289957.58,318082.95249628415,-28125.372496284137
46.1451,314737.31,312907.5948974454,1829.71510255459
48.4,314780.21,341082.1816903509,-26301.971690350852
46.8557,328070.06,321786.4194018751,6283.640598124883
41.195,230112.4,251056.94871199963,-20944.54871199964
42.4242,221338.15,266415.59081845207,-45077.44081845207
47.2919,346437.15,327236.6632082814,19200.486791718635
46.2837,315334.01,314639.37800512055,694.6319948794553
45.1546,305029.57,300531.46814310027,4498.101856899739
44.5733,331746.53,293268.22484951036,38478.30515048967
47.7927,336552.85,333494.07287872676,3058.7771212732187
39.5221,211973.6,230154.35159201577,-18180.75159201576
42.9885,229488.97,273466.4220425581,-43977.452042558085
50.3825,371184.94,365853.17744046636,5331.762559533643
48.4656,330317.04,341901.8423820067,-11584.802382006717
48.0724,325420.4,336988.87616311875,-11568.476163118728
45.2678,297871.29,301945.8826293112,-4074.592629311199
44.536,309100.62,292802.16777940723,16298.452220592764
40.1732,225417.5,238289.73385325167,-12872.233853251673
41.7185,204374.75,257597.9909693441,-53223.2409693441
50.0358,341804.24,361521.2207057552,-19716.98070575518
48.4693,342377.66,341948.07324418845,429.58675581152784
49.3797,327911.32,353323.3643064357,-25412.04430643568
49.6028,343038.2,356110.9603477224,-13072.76034772239
48.0786,308319.62,337066.3440943423,-28746.724094342324
45.4591,213911.42,304336.14315238653,-90424.72315238652
44.399,219987.25,291090.3763959188,-71103.12639591878
49.6666,319398.7,356908.1303496681,-37509.43034966808
49.6316,335064.85,356470.81138308335,-21405.96138308337
49.1201,333821.68,350079.70705713937,-16258.027057139378
45.4169,310141.99,303808.8614269616,6333.1285730383825
45.6108,292436.08,306231.6085018405,-13795.528501840483
41.233,220326.44,251531.7521614344,-31205.312161434384
43.0451,237710.46,274173.6292856635,-36463.16928566349
44.906,318963.42,297425.2539975876,21538.166002412385
45.4557,307470.34,304293.6607384898,3176.679261510202
46.4237,320342.62,316388.6538714591,3953.966128540924
45.8409,311434.41,309106.66833644407,2327.7416635559057
48.1046,335918.4,337391.20961237664,-1472.8096123766154
39.165,200173.98,225692.44865009084,-25518.46865009083
40.513,200029.65,242535.4762774076,-42505.826277407614
44.4411,301512.63,291616.408638582,9896.221361418022
43.3304,303620.59,277738.4036047091,25882.186395290948
45.6735,310257.1,307015.03419340786,3242.065806592116
46.0429,300342.56,311630.62351501826,-11288.063515018264
46.6735,316923.62,319509.8618101117,-2586.241810111678
39.5778,193455.01,230850.3134902662,-37395.303490266204
41.2794,200890.15,252111.51216284948,-51221.36216284949
45.2725,306700.8,302004.60831910965,4696.191680890333
42.4871,292636.23,267201.51547554263,25434.714524457348
45.5907,329690.82,305980.4624667448,23710.357533255185
46.0668,305304.68,311929.2498950575,-6624.5698950575315
44.3114,308207.35,289995.82949669554,18211.520503304433
40.6059,222150.27,243696.2457629994,-21545.975762999413
41.7535,207643.78,258035.3099359288,-50391.52993592879
43.7255,298617.52,282675.10999606876,15942.410003931262
44.8348,327337.69,296535.6222712784,30802.067728721595
44.4374,312554.78,291570.17777640023,20984.602223599795
43.5518,310439.66,280504.75843904726,29934.901560952712
42.9775,312833.58,273328.9789387743,39504.601061225694
40.6344,185013.54,244052.34835007548,-59038.80835007547
39.4888,206562.88,229738.2738323795,-23175.393832379486
45.8375,312677.75,309064.18592254724,3613.5640774527565
45.1127,307317.39,300007.93486596027,7309.455134039745
46.2344,294609.15,314023.38300361705,-19414.23300361703
41.6905,333285.23,257248.13579607639,76037.0942039236
46.3512,289631.98,315482.7788692481,-25850.79886924813
38.7046,204375.89,219939.83001536038,-15563.940015360364
38.4039,203034.06,216182.63535101752,-13148.575351017527
44.8036,304068.92,296145.78364963725,7923.136350362736
43.6957,298700.02,282302.76413309097,16397.25586690905
45.1879,315371.75,300947.5459027365,14424.204097263515
46.8398,344544.22,321587.75164276955,22956.46835723042
43.4842,316357.79,279660.1080921581,36697.68190784188
39.1763,215087.37,225833.64020215953,-10746.270202159532
37.9813,202356.62,210902.32120019844,-8545.70120019844
42.9867,321424.22,273443.93135284795,47980.28864715202
43.7748,326906.96,283291.10499757226,43615.855002427765
44.3,310199.79,289853.38846186514,20346.401538134844
43.6129,333008.86,281268.19240642793,51740.667593572056
47.5779,302162.33,330810.18390665867,-28647.853906658653
40.4967,207146.15,242331.81058725528,-35185.66058725529
43.1668,232637.35,275694.24980661634,-43056.89980661633
44.0544,332893.7,286784.65879920265,46109.041200797365
46.4469,316108.79,316678.53387216665,-569.7438721666695
47.3334,337520.35,327755.1985543746,9765.15144562535
50.917,328419.54,372531.6628015946,-44112.12280159461
49.6235,350986.2,356369.60327938816,-5383.403279388149
44.3327,220454.31,290261.9693249314,-69807.65932493139
46.2991,216635.5,314831.79835041787,-98196.29835041787
51.7928,357466.87,383474.63282830373,-26007.762828303734
50.5919,334469.32,368469.59434340417,-34000.27434340416
52.5698,352672.59,393183.11388648266,-40510.52388648264
49.4457,318333.5,354148.02292913815,-35814.522929138155
49.3447,324445.71,352886.04533985106,-28440.335339851037
39.4541,184461.4,229304.70331407984,-44843.30331407985
38.4119,212088.83,216282.59397195117,-4193.763971951179
50.296,361566.69,364772.37485162145,-3205.6848516214523
49.9722,326076.27,360726.5496693328,-34650.279669332784
49.2008,350996.81,351088.03964580735,-91.22964580735425
47.7026,330618.2,332368.2889104616,-1750.088910461578
48.5592,334039.85,343071.3582469302,-9031.5082469302
44.073,227028.19,287017.06259287335,-59988.87259287335
40.3165,222907.22,240080.2426507253,-17173.022650725296
47.7307,334660.95,332719.3935664911,1941.5564335089293
48.8496,317325.42,346699.856186821,-29374.436186821025
49.5102,341017.49,354953.93931041553,-13936.44931041554
45.0861,314854.12,299675.5724513561,15178.547548643895
46.3946,319606.11,316025.05438781297,3581.0556121870177
40.896,220462.51,247320.9952546052,-26858.485254605184
37.6519,207342.2,206786.52498325618,555.6750167438295
46.1903,311014.3,313472.3611057204,-2458.061105720408
43.2906,315794.6,277241.10946556425,38553.490534435725
45.313,307363.05,302510.64883758617,4852.401162413822
44.4838,324765.92,292149.93777781527,32615.982222184713
45.4178,321016.32,303820.10677181673,17196.213228183275
38.5668,202792.71,218218.04276977858,-15425.332769778586
40.2513,217128.73,239265.57989011623,-22136.849890116224
46.4243,347773.79,316396.15076802915,31377.639231970825
46.7543,340068.84,320519.4438815414,19549.39611845865
47.7861,328579.84,333411.60701645643,-4831.767016456404
45.5778,340643.5,305819.2791904893,34824.220809510676
43.6405,326563.54,281613.04964864894,44950.490351351036
43.5673,228103.02,280698.4282671063,-52595.40826710631
39.9608,217139.05,235635.83246746374,-18496.782467463752
46.2234,317129.66,313885.9398998333,3243.7201001666836
44.8318,336099.07,296498.1377884282,39600.93221157178
46.5374,340075.68,317809.31577147834,22266.36422852165
44.5694,336304.49,293219.49502180517,43084.99497819482
44.7975,326696.2,296069.5652011753,30626.63479882473
42.9983,237625.6,273588.8713532017,-35963.27135320168
42.1191,226056.95,262603.4189125957,-36546.46891259571
44.9734,343038.89,298267.40537895344,44771.48462104658
45.1833,356012.92,300890.0696956997,55122.85030430026
45.8577,351032.82,309316.58144040476,41716.23855959525
46.1586,334469.31,313076.2750702709,21393.034929729125
46.8199,338682.98,321339.1045731971,17343.8754268029
41.6583,233709.46,256845.8023468185,-23136.342346818506
41.561,214098.04,255630.05561971327,-41532.01561971326
44.9097,325268.98,297471.48485976947,27797.495140230516
46.5852,316607.15,318406.56853155675,-1799.4185315567302
48.6507,357487.58,344214.6349738586,13272.945026141417
45.6555,356097.46,306790.12729630724,49307.33270369278
48.2489,369435.5,339194.213237467,30241.28676253301
41.4836,235893.82,254662.9559621804,-18769.135962180386
40.6356,220265.98,244067.34214321547,-23801.36214321546
48.1814,340651.85,338350.81237333943,2301.0376266605454
45.3622,356691.6,303125.39435632795,53566.20564367203
46.4111,337691.1,316231.2190434886,21459.880956511362
51.4592,352730.11,379306.35833537136,-26576.248335371376
49.3571,355349.46,353040.9812022982,2308.4787977018277
45.7146,244139.98,307528.57160845434,-63388.59160845433
46.7646,242760.23,320648.14060599345,-77887.91060599344
50.6893,344440.43,369686.5905532711,-25246.160553271126
51.4331,346827.75,378980.24333457544,-32152.49333457544
51.3311,405517.26,377705.7709176716,27811.489082328393
54.7155,391990.5,419993.2655036441,-28002.76550364413
51.7719,371218.14,383213.49093111465,-11995.350931114634
42.375,253730.23,265800.84529971017,-12070.61529971016
43.0784,237242.04,274589.7070452997,-37347.66704529969
45.8441,346103.77,309146.6517848176,36957.11821518245
47.1686,363337.41,325696.05096314184,37641.359036858135
48.2819,355798.16,339606.54254881816,16191.61745118181
48.1411,369180.74,337847.27082038636,31333.469179613632
50.2633,361942.43,364363.7939885552,-2421.363988555211
43.39,254538.76,278483.09533066466,-23944.335330664646
40.9192,237953.05,247610.87525531265,-9657.825255312666
48.0242,359939.49,336386.6254719936,23552.86452800641
47.5661,372740.6,330662.7449407816,42077.85505921836
46.1001,337074.1,312345.32765469374,24728.772345306235
49.0671,400336.23,349417.4811934541,50918.74880654586
48.5872,378564.61,343421.21342019795,35143.396579802036
44.7784,252137.7,295830.9139936962,-43693.213993696205
45.5422,262153.78,305374.4633273347,-43220.6833273347
51.8603,409679.05,384318.0336924313,25361.0163075687
56.3406,456837.81,440298.6098635496,16539.20013645041
55.7866,444138.57,433376.47536389565,10762.09463610436
56.2586,466263.37,439274.03399897984,26989.336001020158
56.2522,452517.01,439194.06710223295,13322.942897767061
56.8039,321716.94,446087.4634983685,-124370.52349836851
55.0491,301971.39,424161.5399965766,-122190.1499965766
61.7999,469296.29,508511.6222714209,-39215.33227142092
64.4505,480614.84,541630.4123522562,-61015.57235225622
58.4942,458107.14,467207.47061888303,-9100.330618883017
64.4208,491856.39,541259.31597204,-49402.925972040044
57.5248,426387.1,455094.9847272503,-28707.88472725032
51.2524,279903.04,376722.4279842371,-96819.38798423711
49.6956,298149.15,357270.4803505525,-59121.33035055245
54.9636,418867.5,423093.2322353483,-4225.732235348318
54.4898,403890.97,417173.1829105541,-13282.212910554139
54.5166,410185.49,417508.0442906817,-7322.554290681728
55.988,393209.69,435892.93364589976,-42683.243645899754
51.5721,397095.84,380717.02437329723,16378.815626702795
44.7135,250114.87,295019.9996813722,-44905.1296813722
46.687,298782.7,319678.54198293725,-20895.841982937243
49.5444,415744.17,355381.2624149069,60362.90758509311
49.9391,388077.56,360312.9708752199,27764.58912478009
51.4153,397919.99,378757.83540299814,19162.15459700185
50.1405,399449.07,362829.429157224,36619.64084277599
52.55,414590.53,392935.7162996719,21654.813700328115
45.7119,265543.02,307494.8355738893,-41951.8155738893
47.433,269517.15,328999.68338499835,-59482.53338499833
48.0129,380995.64,336245.4339199249,44750.20608007512
52.9631,406757.68,398097.3295881323,8660.350411867665
49.3335,402635.57,352746.103270544,49889.466729456035
52.3338,394087.42,390234.33456894057,3853.085431059415
51.2719,426884.44,376966.0771227628,49918.3628772372
45.188,277806.75,300948.7953854982,-23142.045385498204
44.8955,255598.43,297294.0583076122,-41695.628307612205
49.2523,396583.93,351731.5232680676,44852.406731932366
53.5886,410013.79,405912.8442623806,4100.94573761936
49.0356,378024.64,349023.8941235279,29000.745876472094
53.1318,410003.89,400205.2070070702,9798.682992929826
50.9796,421292.94,373313.83901040023,47979.10098959977
45.4967,271696.54,304805.9486707746,-33109.4086707746
43.5465,265227.93,280438.5358526788,-15210.605852678826
51.5409,391093.68,380327.18575165607,10766.494248343923
52.3816,373146.79,390831.587329019,-17684.797329019
53.2577,422404.45,401778.3058040133,20626.144195986737
51.9459,430182.57,385387.5909364212,44794.97906357882
50.1094,390347.1,362440.8400183446,27906.2599816554
45.7848,244099.35,308405.7085071469,-64306.35850714691
43.9412,275897.18,285370.24431299185,-9473.06431299186
49.6174,389567.24,356293.3848309263,33273.85516907368
50.4079,400615.36,366170.5460619306,34444.81393806939
51.3965,407393.62,378522.9326438041,28870.68735619588
53.2584,424045.3,401787.05218334496,22258.247816655028
51.8548,406718.81,384249.3121405394,22469.497859460593
48.0129,294137.46,336245.4339199249,-42107.97391992487
45.6427,252471.2,306630.19350281334,-54158.99350281333
51.4661,388732.18,379392.5726459266,9339.607354073378
52.3221,415382.92,390088.1450858251,25294.774914174865
53.4551,410263.37,404244.7847755506,6018.585224449402
50.9841,410178.3,373370.0657346754,36808.2342653246
53.5486,389760.22,405413.05115771247,-15652.831157712499
45.8032,279271.55,308635.6133352943,-29364.06333529431
45.4297,267483.06,303968.7952204554,-36485.73522045539
50.6903,390224.65,369699.08538088785,20525.564619112178
53.5344,440713.33,405235.6246055552,35477.70539444481
49.9397,381214.37,360320.4677717899,20893.90222821012
50.0354,372570.22,361516.2227747084,11053.997225291561
51.8964,380339.78,384769.09696939425,-4429.316969394218
48.1529,283453.21,337994.7097862634,-54541.49978626339
45.5484,275571.3,305451.9312585582,-29880.63125855819
53.786,419058.58,408379.32323391794,10679.256766082079
50.9969,415631.61,373529.99952816917,42101.61047183082
50.6966,385501.08,369777.802794873,15723.277205127
56.7069,416697.54,444875.4652195482,-28177.925219548226
56.4131,430212.53,441204.48486576066,-10991.954865760636
51.6224,306242.24,381345.51420241746,-75103.27420241747
48.538,272303.4,342806.46790145605,-70503.06790145603
57.7975,456736.59,458502.32421832543,-1765.7342183254077
53.5386,435307.55,405288.10288154543,30019.447118454555
55.792,408789.75,433443.9474330258,-24654.19743302581
55.3488,416896.08,427906.2398333027,-11010.159833302663
57.041,425813.03,449049.98712628894,-23236.957126288908
50.0347,279435.32,361507.4763953767,-82072.15639537672
47.6903,273237.55,332214.6025307762,-58977.052530776185
52.395,428891.84,390999.01801908284,37892.821980917186
55.0291,452298.78,423911.6434442424,28387.136555757606
51.7185,412565.62,382546.26713638264,30019.352863617358
48.8462,390696.73,346657.3737729242,44039.3562270758
50.5802,385908.23,368323.4048602886,17584.825139711378
46.3406,273798.82,315350.333696511,-41551.513696510985
44.2595,254236.52,289347.3479433886,-35110.827943388635
51.5942,432849.74,380993.16006362636,51856.57993637363
53.4926,436237.99,404713.34081117704,31524.64918882295
53.0024,425357.72,398588.3763134688,26769.34368653118
49.1355,406735.91,350272.1274024367,56463.78259756329
51.5758,383214.82,380763.2552354791,2451.56476452091
46.011,267014.36,311232.0385140454,-44217.67851404543
45.8695,252728.47,309464.0204062818,-56735.55040628181
52.152,413406.02,387962.7749082238,25443.245091776247
52.0935,381332.11,387231.82749264664,-5899.717492646654
51.3219,400844.43,377590.818503598,23253.61149640201
49.6754,370626.21,357018.0848326951,13608.125167304941
53.164,407561.13,400607.5404563281,6953.589543671929
43.4346,256126.35,279040.3646423697,-22914.01464236967
49.7005,272762.81,357331.7050058743,-84568.89500587428
54.4333,401101.27,416467.2251502103,-15365.955150210299
56.7761,427825.37,445740.10729062406,-17914.737290624063
54.006,400152.87,411128.18530959275,-10975.315309592756
55.5276,417072.84,430140.3150111693,-13067.47501116927
54.0487,390904.3,411661.7144488259,-20757.414448825934
47.9631,273129.45,335623.19150461303,-62493.74150461302
47.8362,282159.01,334037.59788005333,-51878.587880053325
54.0177,426382.25,411274.3747927082,15107.8752072918
54.2096,400069.69,413672.13221235364,-13602.442212353635
52.2588,395583.89,389297.2224976878,6286.6675023122225
49.2371,367169.54,351541.60188829375,15627.93811170623
51.0668,378272.73,374403.3879785768,3869.342021423159
45.2399,256144.19,301597.276938805,-45453.086938805005
45.4654,247154.73,304414.8605663718,-57260.13056637181
50.1571,398414.13,363036.84329566127,35377.28670433874
51.5893,363356.8,380931.93540830456,-17575.135408304574
50.7934,392392.0,370987.3021081699,21404.697891830117
50.1986,368937.64,363555.3786417545,5382.261358245509
50.2721,389278.25,364473.7484715822,24804.501528417808
45.4398,251733.04,304094.99297938414,-52361.952979384136
45.0573,251129.41,299315.7214159949,-48186.31141599492
49.4313,369574.34,353968.0974114577,15606.242588542344
50.5213,365298.09,367587.4595136648,-2289.369513664802
49.4482,387008.59,354179.25999818,32829.33000182005
52.1939,403991.32,388486.30818536365,15505.011814636353
52.0868,383700.2,387148.1121476147,-3447.9121476146975
44.6775,252451.09,294570.18588717084,-42119.09588717084
45.5944,260811.99,306026.6933289266,-45214.70332892658
50.4866,364152.78,367153.88899536524,-3001.1089953652117
50.7971,358502.94,371033.53297035175,-12530.592970351747
49.975,368257.59,360761.53518665954,7496.054813340481
53.7439,404957.6,407853.2909912546,-2895.69099125464
50.7138,364865.93,369992.71382988035,-5126.7838298803545
51.5888,290932.19,380925.6879944962,-89993.4979944962
49.1988,274525.44,351063.049990574,-76537.60999057401
52.6682,361039.52,394412.60492396634,-33373.08492396632
54.5389,390903.57,417786.6789465342,-26883.108946534165
54.0404,404395.81,411558.0073796073,-7162.1973796073
53.7246,409856.43,407612.14081825234,2244.2891817476484
53.4295,358056.0,403924.9171885629,-45868.91718856292
49.3095,247423.26,352446.2274077431,-105022.9674077431
48.4168,270322.77,341292.09479431156,-70969.32479431154
51.8152,405324.05,383754.5169669179,21569.533033082087
54.1695,392354.71,413171.0896249239,-20816.379624923866
53.6436,364364.93,406600.0597812993,-42235.12978129933
49.8856,363544.96,359644.4975977262,3900.4624022738426
49.5635,352273.77,355619.9136223858,-3346.1436223858036
43.9485,258381.66,285461.45655459375,-27079.796554593748
43.6904,243382.18,282236.5415467224,-38854.361546722415
48.5477,366312.33,342927.66772933805,23384.662270661967
49.0646,392586.21,349386.2441244123,43199.96587558772
47.9599,353704.92,335583.2080562395,18121.711943760456
47.3144,344404.0,327517.79682965716,16886.203170342837
49.533,354972.25,355238.82138007646,-266.57138007646427
47.5089,266520.22,329948.04080110614,-63427.820801106165
45.2656,239187.08,301918.3940085544,-62731.314008554415
51.2995,380470.24,377310.9343649838,3159.3056350161787
51.3065,378022.17,377398.39815830067,623.7718416993157
54.1451,367976.52,412866.21583107626,-44889.69583107624
54.3344,398484.16,415231.4866989183,-16747.326698918303
53.9242,387401.24,410106.1084105463,-22704.868410546333
50.4486,265227.51,366679.08554593043,-101451.57554593042
48.2351,272813.0,339021.7846163565,-66208.78461635648
55.1535,387775.92,425465.9999997604,-37690.07999976043
50.4174,358768.23,366289.24692428927,-7521.016924289288
49.9804,378561.74,360829.0072557897,17732.732744210283
52.6048,389099.45,393620.4328530673,-4520.982853067282
52.7659,326302.05,395633.34958211833,-69331.29958211834
46.2242,235420.97,313895.9357619267,-78474.9657619267
46.6351,245245.52,319030.06042963034,-73784.54042963035
50.801,355872.59,371082.26279805694,-15209.672798056912
48.0708,388008.91,336968.88443893206,51040.025561067916
49.4149,356036.98,353763.18223854376,2273.797761456226
50.7852,363966.2,370884.844521713,-6918.644521712966
51.0117,343333.46,373714.9229768964,-30381.46297689638
47.9043,254993.59,334888.49564075086,-79894.90564075086
48.4934,254939.87,342249.19858975115,-87309.32858975115
52.0884,378884.56,387168.1038718014,-8283.543871801405
51.7162,358559.35,382517.52903286426,-23958.179032864282
46.4786,342177.4,317074.6199076162,25102.78009238385
46.2587,328871.36,314327.00731470296,14544.352685297024
46.3659,319073.46,315666.4528352136,3407.007164786395
43.8017,239685.7,283627.2158604616,-43941.51586046157
43.0202,228510.16,273862.5080780076,-45352.348078007606
45.826,330682.52,308920.49540495523,21762.024595044786
45.9435,317912.84,310388.63764991786,7524.202350082167
46.9338,310724.01,322762.2654387397,-12038.255438739667
45.6978,349863.74,307318.65850449377,42545.08149550622
47.5513,346241.6,330477.8214920544,15763.778507945593
41.2128,219814.81,251279.356643577,-31464.546643576992
43.2367,241685.71,276567.6382570239,-34881.92825702389
47.5191,312914.81,330075.4880427965,-17160.6780427965
48.1487,354971.75,337942.2315102732,17029.51848972682
48.2287,342795.85,338941.8177196096,3854.0322803903837
50.226,365301.32,363897.7369184522,1403.5830815478112
53.1065,385096.95,399889.08786836755,-14792.137868367543
44.8057,228231.38,296172.0227876323,-67940.6427876323
41.9193,216041.45,260106.95235477824,-44065.50235477823
46.7321,329908.12,320242.05870845064,9666.061291549355
46.0379,301855.97,311568.14937693474,-9712.179376934771
45.1999,318932.17,301097.483834137,17834.686165863008
46.6861,328588.23,319667.29663808225,8920.933361917734
47.6707,341321.24,331969.70390948874,9351.536090511247
41.7284,208190.23,257721.68976274948,-49531.459762749466
40.3761,211014.96,240824.93437668087,-29809.974376680882
45.1171,313873.3,300062.9121074738,13810.387892526167
46.6849,302656.52,319652.3028449421,-16995.782844942063
44.1456,321906.43,287924.187077846,33982.242922153964
45.4896,317895.7,304717.2353946961,13178.464605303889
44.139,313638.07,287841.7212155758,25796.34878442419
40.2105,192639.31,238755.79092335474,-46116.48092335474
40.9523,219741.45,248024.45404942567,-28283.004049425654
45.2702,315574.43,301975.8702155913,13598.559784408717
44.0079,321677.2,286203.6493150259,35473.55068497412
44.3466,322723.35,290435.6474288035,32287.70257119648
45.3258,313267.86,302670.58263107995,10597.27736892004
44.661,308574.95,294364.0212314952,14210.928768504818
40.2486,207227.16,239231.84385555115,-32004.68385555115
41.637,218408.88,256579.66251858277,-38170.78251858277
44.4593,314613.22,291843.81450120604,22769.40549879393
45.2345,301607.9,301529.80486967484,78.09513032517862
43.4909,296189.41,279743.82343719003,16445.586562809942
47.0068,320048.6,323674.3878547591,-3625.787854759139
45.9085,311619.7,309951.31868333323,1668.3813166667824
42.4563,232335.86,266816.67478494823,-34480.81478494825
39.4643,207482.19,229432.15055577032,-21949.960555770318
44.5392,325675.11,292842.15122778073,32832.95877221925
45.031,309584.73,298987.1074496757,10597.622550324304
43.7159,297255.17,282555.15965094836,14700.01034905162
44.2192,315752.01,288843.80639043543,26908.203609564574
47.9039,312841.86,334883.4977097042,-22041.637709704228
44.9592,241695.78,298089.9788267963,-56394.19882679629
43.7729,212851.03,283267.3648251005,-70416.33482510052
48.0155,313238.96,336277.9204717283,-23038.960471728293
48.6253,344091.41,343897.26635239436,194.14364760561148
44.2805,285356.94,289609.7393233394,-4252.799323339423
44.7005,305251.43,294857.566922355,10393.863077645015
43.1734,311741.84,275776.71566888655,35965.124331113475
39.7089,195333.43,232488.38539081602,-37154.95539081603
40.1761,215234.81,238325.96885334008,-23091.15885334008
44.6767,303626.76,294560.19002507743,9066.569974922575
42.8158,310489.42,271308.5653131533,39180.854686846666
43.6549,292588.79,281792.9751663294,10795.814833670564
42.9664,291698.9,273190.28635222884,18508.613647771184
45.9997,303337.12,311090.8469619766,-7753.726961976616
41.6645,205611.41,256923.27027804207,-51311.86027804206
39.5756,211682.89,230822.82486950944,-19139.934869509423
47.5014,304234.59,329854.3295939808,-25619.739593980776
43.7433,304470.88,282897.51792764605,21573.36207235395
44.5982,293648.81,293579.3460571662,69.46394283376867
46.5358,316929.21,317789.32404729165,-860.1140472916304
43.347,293535.93,277945.8177431463,15590.112256853667
39.2044,197531.14,226184.74485818896,-28653.604858188948
39.3469,200773.96,227965.25779356924,-27191.297793569247
45.4579,320479.47,304321.1493592466,16158.320640753373
45.8538,323374.5,309267.85161269957,14106.648387300433
43.7536,306452.13,283026.21465209813,23425.91534790187
43.7088,293897.64,282466.4463748698,11431.193625130225
43.6414,313594.3,281624.29499350395,31970.005006496038
38.9584,180833.56,223111.01726447977,-42277.45726447977
38.3266,200181.1,215216.7851762463,-15035.685176246305
44.5509,300077.33,292988.34071089607,7088.989289103949
45.2101,325735.77,301224.9310758272,24510.8389241728
44.1803,301692.31,288357.75759614573,13334.552403854264
45.0172,311238.13,298814.6788285652,12423.451171434834
44.1043,307776.01,287408.1506972762,20367.85930272378
40.7226,204371.75,245154.39214586874,-40782.64214586874
37.9123,202495.0,210040.1780946459,-7545.178094645904
44.008,295364.81,286204.8987977876,9159.911202212388
43.3326,291013.83,277765.89222546585,13247.937774534163
43.3779,296357.83,278331.90791650245,18025.92208349757
44.2413,290018.87,289119.9420807647,898.9279192353133
43.7359,286996.69,282805.05620328244,4191.633796717564
39.1694,218176.63,225747.42589160433,-7570.795891604328
39.3928,217542.14,228538.77038117597,-10996.630381175957
43.2804,307174.77,277113.6622238739,30061.107776126126
42.8081,281036.59,271212.35514050466,9824.234859495366
44.181,276233.63,288366.5039754773,-12132.873975477298
42.9867,302089.37,273443.93135284795,28645.43864715204
45.2839,327927.25,302147.04935394006,25780.200646059937
39.2136,200443.02,226299.69727226265,-25856.677272262663
39.038,190312.59,224105.60554276936,-33793.01554276937
43.9949,306131.55,286041.2165560088,20090.3334439912
44.5007,287682.68,292361.10036453756,-4678.420364537567
48.477,341716.29,342044.2834168371,-327.99341683712555
48.586,360696.08,343406.2196270578,17289.860372942232
48.7879,347534.99,345928.9253228704,1606.064677129616
43.1272,212076.76,275199.45463299484,-63122.694632994826
42.6245,226254.74,268918.30479007773,-42663.56479007774
48.1193,344121.34,337574.88357834215,6546.456421657873
48.2129,340810.15,338744.39944326563,2065.7505567343906
48.5672,313521.23,343171.3168678639,-29650.086867863894
47.3329,308656.3,327748.95114056626,-19092.651140566275
45.8735,332093.3,309513.9997167486,22579.30028325139
40.4628,201915.1,241908.2359310491,-39993.135931049095
38.8969,210182.84,222342.58536605252,-12159.74536605252
44.8152,317806.28,296290.72364999086,21515.556350009167
43.8,303640.09,283605.97465351317,20034.115346486855
47.9821,347766.99,335860.5932293304,11906.396770669613
46.1133,333820.83,312510.2593792343,21310.570620765735
44.4274,322570.55,291445.2295002332,31125.320499766793
40.9843,214909.08,248424.2885331601,-33515.20853316013
38.3132,199566.65,215049.3544861825,-15482.704486182512
44.612,315719.35,293751.77467827674,21967.57532172324
44.3259,298981.69,290177.00449713774,8804.685502862267
47.2295,332441.8,326456.98596499907,5984.81403500092
45.3614,336102.77,303115.39849423466,32987.37150576536
45.3334,331800.09,302765.5433209669,29034.54667903314
41.152,217838.29,250519.67112448142,-32681.381124481413
38.3986,200587.86,216116.41276464902,-15528.552764649037
46.1105,345848.35,312475.2738619074,33373.076138092554
45.3985,315299.7,303578.95659881434,11720.743401185668
45.7458,334528.06,307918.4102300956,26609.649769904383
46.468,335823.68,316942.17473487917,18881.505265120824
45.0812,320191.66,299614.3477960342,20577.31220396579
40.7831,215739.41,245910.32921667933,-30170.919216679322
40.2726,213103.52,239531.71971835196,-26428.19971835197
46.6946,351584.51,319773.5026728242,31811.007327175816
45.968,348233.58,310694.7609265272,37538.81907347281
43.3715,337427.99,278251.94101975556,59176.048980244435
45.2043,349712.77,301152.4610756504,48560.30892434961
46.8558,335629.81,321787.66888463683,13842.141115363163
42.3607,232446.21,265622.1692647913,-33175.95926479131
41.6237,223656.65,256413.48131128057,-32756.831311280577
46.7556,336108.91,320535.68715744314,15573.222842556832
45.4934,373145.96,304764.7157396395,68381.24426036055
44.815,343853.07,296288.22468446754,47564.84531553247
46.8736,338221.99,322010.07681621425,16211.913183785742
45.2361,330899.49,301549.79659386165,29349.693406138336
39.4448,226954.33,229188.50141724455,-2234.1714172445645
40.2738,214985.6,239546.71351149207,-24561.11351149206
44.3494,329359.4,290470.63294613035,38888.76705386967
45.7396,330061.48,307840.94229887205,22220.537701127934
45.8378,339713.86,309067.9343708323,30645.9256291677
46.4039,350016.6,316141.2562846483,33875.34371535166
46.6971,315656.9,319804.7397418659,-4147.8397418658715
40.6649,225821.07,244433.44059238496,-18612.37059238495
42.2254,241246.11,263931.61908825126,-22685.509088251274
48.1132,380723.04,337498.6651298803,43224.374870119675
47.1171,352132.53,325052.56734088156,27079.962659118464
46.8519,349037.05,321738.93905693165,27298.110943068343
46.4466,350119.18,316674.7854238816,33444.394576118386
47.7956,347792.78,333530.3078788151,14262.472121184925
42.145,240316.5,262927.0349478683,-22610.53494786832
43.0328,231891.24,274019.94290597807,-42128.702905978076
49.427,352514.46,353914.36965270585,-1399.9096527058282
47.2806,357109.93,327095.4716562126,30014.45834378741
46.5925,351953.32,318497.78077315877,33455.53922684124
47.3152,349689.53,327527.79269175057,22161.73730824946
46.7654,368099.88,320658.13646808686,47441.74353191315
41.1896,216269.52,250989.4766428694,-34719.95664286942
41.4849,241085.09,254679.19923808216,-13594.109238082165
48.2424,348723.55,339112.9968579585,9610.553142041492
49.0053,341176.96,348645.30084674177,-7468.340846741747
47.3337,361474.04,327758.94700265967,33715.09299734031
51.7173,338046.53,382531.2733432427,-44484.74334324268
53.9877,392011.29,410899.5299642071,-18888.23996420711
47.4575,257958.94,329305.8066616076,-71346.86666160758
47.0604,257780.72,324344.11061501445,-66563.39061501445
54.677,432644.32,419512.2146404011,13132.105359598936
50.7414,368524.58,370337.57107210136,-1812.991072101344
49.2687,380829.61,351936.43844098155,28893.171559018432
49.1066,390348.67,349911.0268843139,40437.64311568608
49.2354,377105.19,351520.36068134534,25584.829318654665
41.3365,239360.39,252824.96681976324,-13464.576819763228
42.0722,239338.56,262017.41149737232,-22678.85149737232
48.0021,370228.32,336110.48978166445,34117.830218335555
49.477,391866.45,354539.1110335409,37327.338966459094
47.4958,391758.2,329784.3585593273,61973.841440672695
47.0127,360758.19,323748.10733769776,37010.082662302244
48.9194,365467.66,347571.99515446695,17895.66484553303
42.8005,242334.28,271117.3944506177,-28783.114450617722
42.9092,236669.25,272475.58221255336,-35806.33221255336
50.7952,372925.89,371009.79279788,1916.0972021199996
50.7056,380842.32,369890.2562434233,10952.063756576681
48.4553,365299.27,341773.1456575546,23526.1243424454
47.7902,365918.49,333462.83580968494,32455.65419031505
50.2842,394146.38,364624.9358857443,29521.44411425572
43.0853,260885.69,274675.92135585495,-13790.23135585495
50.0665,275077.79,361904.81191358785,-86827.02191358787
53.4213,408534.28,403822.459602106,4711.820397894015
52.6609,414547.86,394321.3926823643,20226.46731763566
49.9456,380846.35,360394.1872547284,20452.162745271577
54.7295,441886.28,420168.1930902781,21718.086909721955
53.6818,408409.71,407077.36219625745,1332.3478037425666
46.4137,273001.45,316263.70559529203,-43262.25559529202
47.7784,276323.5,333315.3968438078,-56991.89684380777
51.9203,384632.23,385067.7233494335,-435.4933494335273
52.3002,381489.93,389814.5083610193,-8324.578361019318
52.1866,397031.17,388395.09594376176,8636.074056238227
53.5594,404997.56,405547.9952959728,-550.4352959727985
50.4676,378554.85,366916.4872706478,11638.3627293522
45.0174,270053.66,298817.1777940885,-28763.51779408852
44.3777,268417.04,290824.23656768294,-22407.196567682957
52.2568,413486.94,389272.23284245434,24214.707157545665
52.2519,407072.53,389211.00818713254,17861.52181286749
50.2431,388856.74,364111.3984706978,24745.341529302183
49.9231,400916.56,360113.0536333525,40803.50636664749
50.9489,418321.29,372930.24780256744,45391.04219743254
44.0981,236850.44,287330.68276605266,-50480.24276605266
42.1916,235967.5,263509.2939148067,-27541.79391480668
49.0175,386360.23,348797.7377436656,37562.4922563344
50.9827,369971.63,373352.572976012,-3380.942976012011
51.6418,407602.44,381587.91385818156,26014.52614181844
52.6359,404448.49,394009.02199194685,10439.46800805314
50.3541,386622.88,365498.32433615194,21124.555663848063
45.5148,256160.38,305032.10505063704,-48871.72505063703
44.0737,274975.19,287025.80897220504,-12050.618972205033
53.9914,385513.85,410945.76082638884,-25431.910826388863
48.8816,373602.03,347099.69067055546,26502.33932944457
48.9285,392915.16,347685.698085779,45229.461914221
49.6982,402247.38,357302.9669023559,44944.41309764411
51.0639,419708.43,374367.15297848824,45341.27702151175
44.3803,257877.24,290856.7231194865,-32979.48311948648
44.3711,267057.18,290741.7707054127,-23684.59070541273
50.4265,390046.62,366402.9498556013,23643.670144398697
51.5715,382583.51,380709.52747672726,1873.9825232727453
50.1931,388063.43,363486.6570898626,24576.77291013737
51.6492,409350.35,381680.37558254506,27669.974417454912
52.4407,395923.26,391570.0316411662,4353.228358833818
43.7592,241292.1,283096.18568675173,-41804.08568675173
43.3979,274050.37,278581.8044688365,-4531.434468836524
56.8917,421991.46,447184.50936311507,-25193.049363115046
54.4429,419794.21,416587.1754953307,3207.034504669311
56.3068,416982.7,439876.284690105,-22893.584690104995
55.1401,416846.56,425298.56930969656,-8452.009309696557
55.7701,400056.92,433170.31070822,-33113.39070822002
46.4439,254980.79,316641.04938931647,-61660.25938931646
45.2441,263336.73,301649.75521479524,-38313.025214795256
47.3088,376035.2,327447.8257950037,48587.37420499633
53.9371,432283.3,410267.2916868018,22016.008313198166
51.628,404163.77,381415.48523707094,22748.284762929077
53.4636,422706.07,404350.99081029254,18355.079189707467
52.3273,429759.01,390153.11818943196,39605.89181056805
45.6135,265098.9,306265.34453640564,-41166.444536405616
43.8603,256829.42,284359.41275880043,-27529.99275880042
50.0661,376653.13,361899.8139825412,14753.316017458797
48.3046,383975.37,339890.1751357174,44085.19486428262
49.9998,384530.98,361071.4069115538,23459.573088446166
51.5077,419481.41,379912.35747478146,39569.05252521852
48.7638,386695.73,345627.7999773078,41067.93002269219
46.2257,256733.0,313914.6780033518,-57181.678003351786
47.3804,286607.81,328342.45545235975,-41734.64545235975
55.3969,413088.2,428507.24104166613,-15419.041041666118
55.2941,427833.85,427222.772762669,611.0772373309592
55.0613,405936.29,424313.9768935004,-18377.686893500446
52.7603,411458.93,395563.37854746473,15895.551452535263
49.4759,399103.5,354525.3667231627,44578.133276837296
46.493,257516.4,317254.54542529676,-59738.14542529677
45.308,275539.38,302448.17469950265,-26908.794699502643
52.9769,393884.53,398269.75820924283,-4385.228209242807
50.855,381037.78,371756.9834893589,9280.796510641114
52.269,386435.82,389424.66973937815,-2988.8497393781436
53.272,398952.07,401956.98183893214,-3004.9118389321375
55.0861,417394.74,424623.8486183946,-7229.108618394588
47.4724,257771.85,329491.9795930964,-71720.12959309641
46.962,268833.45,323114.6195775309,-54281.169577530876
52.6939,407521.67,394733.7219937156,12787.948006284365
51.8445,396650.41,384120.6154160873,12529.794583912648
53.6418,415229.13,406577.5690915893,8651.560908410698
52.8019,423497.04,396083.1633763197,27413.87662368029
54.926,413492.89,422623.4267169604,-9130.53671696037
47.2145,281377.38,326269.5635507485,-44892.18355074851
48.9837,296812.28,348375.412570221,-51563.13257022097
50.862,383329.56,371844.4472826759,11485.112717324111
53.7692,419617.55,408169.41012995725,11448.139870042738
51.6258,384886.75,381387.99661631417,3498.7533836858347
52.1617,406068.71,388083.9747361059,17984.735263894137
51.6656,402525.96,381885.290755459,20640.66924454103
45.7126,267108.09,307503.581953221,-40395.491953220975
43.0774,241195.31,274577.212217683,-33381.902217682975
49.4132,396968.57,353741.94103159534,43226.628968404664
49.0209,398521.58,348840.2201575623,49681.35984243773
50.6089,375477.76,368682.00641288806,6795.753587111947
52.3218,379288.05,390084.3966375402,-10796.346637540206
49.6376,380535.36,356545.7803487836,23989.579651216394
45.6099,243335.29,306220.3631569855,-62885.07315698548
45.0429,267845.26,299135.79589831445,-31290.53589831444
51.8032,401016.39,383604.5790355174,17411.810964482604
51.5668,400608.17,380650.80178692867,19957.368213071313
49.4176,364641.88,353796.9182731088,10844.961726891226
50.0422,396127.3,361601.18760250206,34526.11239749793
50.2416,374894.42,364092.6562292727,10801.763770727266
45.3186,282124.99,302580.61987223977,-20455.629872239777
45.5717,252731.74,305743.0607420275,-53011.320742027485
52.5188,421634.24,392545.87767803075,29088.362321969238
49.0802,373503.86,349581.1634352328,23922.69656476716
47.5227,339584.27,330120.46942221664,9463.800577783375
50.7639,382100.09,370618.70469347714,11481.38530652289
53.8116,399836.53,408699.1908209055,-8862.660820905468
51.8201,271259.49,383815.7416222397,-112556.25162223971
46.893,259595.28,322252.47647197824,-62657.19647197824
53.9778,398268.04,410775.8311708018,-12507.791170801793
54.159,393865.17,413039.8939349485,-19174.723934948503
55.7859,421244.43,433367.72898456396,-12123.298984563968
50.9078,395488.0,372416.71038752084,23071.28961247916
54.8612,421724.29,421813.76188739785,-89.47188739787089
43.8656,249259.89,284425.635345169,-35165.74534516898
45.6995,252813.45,307339.8997114422,-54526.44971144217
51.0424,401887.25,374098.5141847292,27788.735815270804
52.5618,399838.94,393083.1552655491,6755.784734450921
48.9758,354640.21,348276.703432049,6363.506567951001
49.6409,349970.69,356587.0132799188,-6616.323279918812
48.7015,357586.98,344849.3722167872,12737.607783212792
44.6918,245276.63,294748.8619220897,-49472.231922089704
43.7526,234190.18,283013.7198244814,-48823.53982448141
49.4925,354165.68,354732.78086159995,-567.1008615999599
48.8563,336258.12,346783.5715318528,-10525.451531852828
47.7135,361191.84,332504.48253148375,28687.357468516275
48.6655,373762.74,344399.55842258583,29363.181577414158
47.1772,358752.53,325803.5064806455,32949.02351935452
43.4734,244602.27,279525.16395389766,-34922.89395389767
42.9427,247529.73,272894.158937713,-25364.428937713004
47.7219,346508.08,332609.439083464,13898.640916536038
47.9218,348428.56,335107.1551240431,13321.404875956883
49.3759,375586.13,353275.8839614922,22310.246038507787
49.7012,390278.2,357340.45138520596,32937.74861479405
48.1633,369928.57,338124.6559934771,31803.914006522915
45.2061,247857.37,301174.9517653604,-53317.58176536043
43.2477,240234.85,276705.08136080764,-36470.23136080764
49.619,376094.1,356313.3765551129,19780.723444887088
49.1604,344663.71,350583.24861009256,-5919.538610092539
53.5436,398046.3,405350.57701962884,-7304.2770196288475
52.3212,368282.75,390076.8997409701,-21794.14974097011
50.3939,332822.29,365995.61847529677,-33173.32847529679
47.564,243631.65,330636.50580278656,-87004.85580278657
46.6631,241882.51,319379.915602898,-77497.40560289798
51.7158,387201.46,382512.5311018176,4688.928898182407
51.304,364732.34,377367.16108925897,-12634.821089258941
52.0429,362290.82,386599.5892152415,-24308.769215241482
52.8546,378349.74,396741.6407917199,-18391.900791719905
53.5727,344826.74,405714.17650327494,-60887.43650327495
44.3537,241814.97,290524.3607048822,-48709.390704882186
47.0706,242138.98,324471.5578567048,-82332.5778567048
53.4805,388921.16,404562.15339701483,-15640.993397014856
54.9606,396411.75,423055.74775249825,-26643.997752498253
62.4196,435510.13,516254.6669454924,-80744.53694549238
59.3212,391238.15,477540.69305789704,-86302.54305789701
56.8773,364075.56,447004.5838454345,-82929.02384543448
49.8457,236813.54,359145.95397581975,-122332.41397581974
46.512,226602.17,317491.9471500141,-90889.7771500141
53.2438,360028.1,401604.62770014105,-41576.52770014107
52.1507,378658.14,387946.5316323221,-9288.391632322106
51.9582,350355.27,385541.2773161066,-35186.00731610658
54.1634,352654.08,413094.87117646204,-60440.79117646202
46.7367,335599.82,320299.5349154874,15300.285084512609
42.3174,210749.66,265081.14322898805,-54331.48322898804
42.5755,218024.17,268306.0582368593,-50281.88823685926
48.0291,321334.0,336447.8501273155,-15113.850127315498
47.4163,332170.0,328791.0197637994,3378.9802362006158
45.8319,301848.92,308994.21488789376,-7145.294887893775
46.1604,310246.13,313098.765759981,-2852.635759981
46.1309,326116.08,312730.16834528814,13385.911654711876
43.2476,207953.95,276703.8318780459,-68749.88187804591
41.9265,233403.99,260196.91511361848,-26792.92511361849
45.5099,329036.75,304970.8803953151,24065.869604684878
46.3139,340118.92,315016.721799145,25102.198200854997
47.4831,337453.07,329625.67424859514,7827.395751404867
47.4128,319601.75,328747.28786714084,-9145.53786714084
48.32,328051.59,340082.5954810146,-12031.005481014552
41.9194,220522.46,260108.20183753996,-39585.74183753997
40.9778,226349.18,248343.07215365162,-21993.892153651628
44.9191,316680.6,297588.93623936654,19091.66376063344
44.7632,313003.41,295640.99261392234,17362.417386077635
45.7793,312557.13,308336.98695525515,4220.143044744851
43.9402,314461.18,285357.749485375,29103.430514624983
46.8496,321339.84,321710.20095341327,-370.3609534132411
45.612,228788.07,306246.60229498066,-77458.53229498066
42.3958,219069.43,266060.73771413765,-46991.307714137656
51.9654,331372.1,385631.2400749469,-54259.14007494692
47.6007,343914.82,331095.0659763196,12819.754023680405
47.3769,325989.91,328298.7235557012,-2308.8135557012283
50.6333,319610.88,368986.8802067357,-49376.00020673568
49.3467,331326.45,352911.0349950845,-21584.5849950845
45.8551,233458.89,309284.09488860134,-75825.20488860132
42.2429,217897.66,264150.27857154363,-46252.61857154363
45.138,314728.64,300324.0540046629,14404.585995337111
44.7723,318796.53,295754.69554523437,23041.83445476566
42.4242,301338.38,266415.59081845207,34922.78918154794
46.008,325148.28,311194.55403119535,13953.725968804676
44.5835,315691.52,293395.6720912007,22295.847908799304
41.7719,217896.61,258265.2147640761,-40368.604764076124
40.2519,213217.61,239273.07678668626,-26055.466786686273
43.9788,308689.27,285840.0498313798,22849.22016862023
44.1598,308519.46,288101.6136300032,20417.84636999684
44.8413,300151.35,296616.8386507869,3534.5113492130768
44.8111,291474.27,296239.49485676247,-4765.224856762448
44.5186,337363.03,292584.7577788766,44778.27222112345
42.0599,199822.43,261863.7251176868,-62041.295117686794
41.608,193356.58,256217.31251769833,-62860.73251769834
44.4711,321862.66,291991.2534670832,29871.406532916764
43.3328,306638.98,277768.3911909892,28870.588809010806
43.3215,315184.12,277627.19963892037,37556.920361079625
45.1278,308918.16,300196.60676297254,8721.55323702743
45.4999,303724.3,304845.9321191481,-1121.6321191480965
40.4321,190362.79,241524.64472321625,-51161.85472321624
40.3241,201130.79,240175.2033406123,-39044.413340612286
45.6528,292809.21,306756.3912617421,-13947.18126174208
43.7151,302093.89,282545.1637888551,19548.726211144938
43.5669,281594.71,280693.43033605954,901.2796639404842
46.371,318881.69,315730.17645605886,3151.513543941139
43.9303,303710.59,285234.0506919697,18476.539308030333
40.0312,206035.67,236515.4683316797,-30479.79833167969
44.234,234327.58,289028.72983916267,-54701.14983916268
49.0406,304806.64,349086.36826161144,-44279.728261611424
47.7287,320129.3,332694.4039112576,-12565.10391125764
48.444,322844.08,341631.95410548593,-18787.874105485913
48.0487,300726.19,336692.7487486028,-35966.55874860281
49.8437,330946.44,359120.9643205863,-28174.524320586293
39.6764,192800.46,232082.3034932732,-39281.84349327322
39.2694,197829.74,226996.90865327464,-29167.168653274653
43.8527,295605.33,284264.4520689135,11340.877931086521
42.8199,271231.1,271359.7941063817,-128.69410638173576
45.1978,305218.73,301071.2446961418,4147.485303858179
45.6735,300403.28,307015.03419340786,-6611.754193407833
45.0159,326387.69,298798.4355526634,27589.2544473366
39.603,208903.98,231165.18314620713,-22261.203146207117
39.0166,197320.16,223838.21623177192,-26518.056231771916
42.9792,280462.16,273350.2201457226,7111.939854277356
42.3551,291694.19,265552.1982301378,26141.991769862187
45.3374,332162.78,302815.5226314338,29347.257368566236
46.846,341975.45,321665.2195739931,20310.230426006892
46.3911,332984.61,315981.32249115454,17003.287508845446
41.468,214822.41,254468.03665135987,-39645.62665135987
40.221,201266.03,238886.98661333002,-37620.956613330025
45.943,310582.31,310382.3902361095,199.9197638905025
47.4185,335014.72,328818.50838455616,6196.211615443812
45.3415,299337.88,302866.7514246622,-3528.871424662182
42.9143,310771.12,272539.3058333986,38231.8141666014
43.5127,311803.51,280016.21067923424,31787.29932076577
39.9483,207399.85,235479.647122255,-28079.797122254997
41.4411,211594.49,254131.92578847043,-42537.43578847044
44.1003,298774.96,287358.1713868093,11416.7886131907
42.7772,287188.53,270826.26496714854,16362.265032851486
44.6237,314677.58,293897.9641613922,20779.61583860783
44.1557,302743.63,288050.3848367748,14693.24516322522
46.3262,314743.54,315170.4081788305,-426.8681788305403
39.5718,196052.8,230775.34452456597,-34722.54452456598
37.4858,195846.29,204711.13411612168,-8864.844116121676
42.2766,300370.09,264571.3542622266,35798.735737773415
43.8886,314685.1,284713.01638035313,29972.083619646844
49.0965,340370.8,349784.82912538515,-9414.029125385161
45.9152,355990.01,310035.03402836516,45954.97597163485
47.9439,337334.6,335383.29081437225,1951.3091856277315
41.6046,206536.37,256174.8301038015,-49638.46010380151
44.2456,231038.15,289173.6698395165,-58135.51983951652
49.7264,363073.01,357655.3210411469,5417.688958853134
47.2695,320335.47,326956.7790696672,-6621.309069667244
46.7394,312958.81,320333.27095005254,-7374.46095005254
47.3303,315307.41,327716.46458876284,-12409.054588762869
47.1095,327628.61,324957.6066509946,2671.003349005361
41.9095,225853.67,259984.5030441346,-34130.833044134575
42.1998,211130.4,263611.7515012637,-52481.35150126371
48.4025,352417.37,341113.4187593927,11303.951240607304
50.1337,347526.13,362744.46432943037,-15218.334329430363
47.4903,358837.05,329715.63700743543,29121.412992564554
45.5866,334744.52,305929.2336735163,28815.286326483707
46.1098,338203.36,312466.52748257574,25736.83251742425
40.257,215375.49,239336.80040753138,-23961.31040753139
42.3086,216702.13,264971.18874596106,-48269.058745961054
44.9342,318560.13,297777.6081363787,20782.52186362131
46.5589,324893.27,318077.9545652375,6815.3154347625095
44.2939,311235.09,289777.1700134033,21457.91998659674
44.5137,314411.39,292523.5331235548,21887.856876445236
45.0377,297619.93,299070.8227947076,-1450.8927947076154
38.855,212299.49,221819.05208891258,-9519.562088912586
40.3188,210789.54,240108.9807542438,-29319.440754243784
44.306,330020.89,289928.35742756526,40092.53257243475
44.4479,348123.65,291701.37346637563,56422.27653362439
43.2112,298481.66,276249.0201527979,22232.639847202052
43.8613,323265.03,284371.90758641716,38893.12241358287
44.553,337813.15,293014.5798488911,44798.5701511089
39.6136,215629.55,231297.62831894413,-15668.078318944143
39.5271,211544.67,230216.82573009923,-18672.155730099214
44.6984,323953.81,294831.3277843599,29122.482215640077
42.9947,314903.89,273543.88997378165,41360.00002621836
44.3827,325999.91,290886.71070576657,35113.1992942334
44.5024,309304.87,292382.341571486,16922.528428514022
43.7041,310126.2,282407.7206850713,27718.4793149287
38.7376,221151.34,220352.1593267116,799.1806732883852
40.4023,205791.45,241152.29886023846,-35360.848860238446
41.9812,314637.46,260880.38218425226,53757.07781574776
42.3336,311922.29,265283.55943637865,46638.73056362133
44.0129,329307.9,286266.1234531095,43041.7765468905
43.7512,301822.15,282996.22706581804,18825.92293418199
45.084,319639.77,299649.33331336104,19990.436686638976
39.086,196589.39,224705.3572683712,-28115.967268371198
40.7929,209801.15,246032.77852732304,-36231.628527323046
45.3634,344549.83,303140.388149468,41409.44185053202
45.138,330977.51,300324.0540046629,30653.455995337106
46.0652,320251.28,311909.2581708707,8342.021829129313
47.5116,361351.82,329981.7768356713,31370.04316432873
44.8537,340622.32,296771.77451323415,43850.545486765855
40.6556,215649.91,244317.2386955496,-28667.3286955496
41.2171,208750.11,251333.08440232882,-42582.97440232884
47.5083,377699.88,329940.54390453605,47759.33609546395
46.553,340489.65,318004.23508229887,22485.414917701157
45.5407,356842.85,305355.72108590964,51487.12891409034
45.3098,344437.57,302470.66538921266,41966.904610787344
46.3115,327993.67,314986.734212865,13006.935787134978
40.0214,216639.98,236393.019021036,-19753.039021035976
43.4522,243055.95,279260.27360842354,-36204.323608423525
45.2564,330052.56,301803.44159448065,28249.118405519344
46.3951,344309.64,316031.30180162133,28278.338198378682
46.9522,362359.03,322992.17026688706,39366.85973311297
46.8271,365035.65,321429.0673320375,43606.58266796253
46.4198,337726.67,316339.924043754,21386.745956245984
41.9432,236551.75,260405.57873481745,-23853.82873481745
39.3794,237068.97,228371.3396911121,8697.630308887892
44.5457,334260.06,292923.3676072892,41336.69239271077
46.3179,338292.21,315066.7011096119,23225.508890388126
47.8313,379701.18,333976.3732247314,45724.806775268575
45.9485,333918.67,310451.1117880015,23467.55821199849
46.5994,321589.92,318583.995083714,3005.9249162859633
44.8308,224897.05,296485.6429608116,-71588.59296081163
41.6318,239275.81,256514.68941497587,-17238.879414975876
45.8795,337660.69,309588.96868244885,28071.721317551157
46.6984,334955.06,319820.98301776766,15134.076982232335
48.6369,350600.52,344042.2063527481,6558.313647251925
44.8152,357049.24,296290.72364999086,60758.51635000913
46.6255,386634.4,318910.11008450994,67724.28991549008
40.7114,232558.51,245014.45007656165,-12455.940076561645
40.9017,243253.23,247392.2157720204,-4138.985772020387
45.1352,340816.81,300289.06848733616,40527.74151266384
47.7694,353062.35,333202.94339525746,19859.406604742515
48.474,401456.73,342006.7989339869,59449.93106601306
46.5029,332523.9,317378.24421870196,15145.65578129806
47.9887,369567.67,335943.0590916007,33624.61090839928
41.9461,249626.49,260441.8137349059,-10815.32373490592
42.5361,261774.12,267813.7620287612,-6039.642028761213
48.4509,340876.92,341718.1684160412,-841.2484160411987
48.0476,362543.96,336679.0044382245,25864.95556177554
46.9793,383301.84,323330.7800952998,59971.0599047002
47.2949,363730.4,327274.14769113145,36456.25230886857
48.6148,398194.16,343766.07066241896,54428.08933758101
42.8221,247152.86,271387.2827271385,-24234.422727138503
43.8311,222115.5,283994.5637923927,-61879.06379239273
48.7897,376704.49,345951.4160125805,30753.073987419484
49.1984,383891.9,351058.05205952725,32833.84794047277
48.6402,386494.49,344083.4392838832,42411.05071611679
48.4625,384002.33,341863.1084163949,42139.221583605104
47.2915,386233.94,327231.66527723474,59002.27472276526
44.6063,257435.67,293680.55416086153,-36244.88416086152
44.8065,254489.91,296182.0186497256,-41692.10864972559
49.1011,388368.27,349842.305332422,38525.964667577995
47.5817,389589.61,330857.66425160214,58731.94574839785
49.7754,369202.56,358267.56759436545,10934.992405634548
48.6794,378707.16,344573.23652645806,34133.923473541916
50.5789,378390.02,368307.16158438695,10082.858415613067
43.643,264028.41,281644.28671769064,-17615.87671769067
43.2746,238449.73,277041.19222369697,-38591.46222369696
48.6048,365928.64,343641.1223862518,22287.517613748205
49.0642,379092.26,349381.24619336566,29711.01380663435
47.4377,346809.74,329058.40907479683,17751.33092520316
48.9958,395149.66,348526.5999843831,46623.06001561688
48.8542,399230.36,346757.33239385777,52473.02760614222
44.7578,266459.21,295573.5205447922,-29114.310544792155
42.4003,260765.69,266116.9644384128,-5351.274438412802
48.0248,360512.33,336394.12236856367,24118.20763143635
49.4112,367985.94,353716.9513763619,14268.988623638113
50.1088,412255.83,362433.3431217745,49822.48687822552
53.3729,412649.14,403217.7099454575,9431.430054542492
50.7658,421815.92,370642.44486594887,51173.475134051114
46.1328,286393.79,312753.90851776,-26360.118517760013
45.958,287235.47,310569.81265036005,-23334.34265036008
50.7046,409439.12,369877.7614158066,39561.3585841934
49.114,386012.99,350003.4886086774,36009.501391322585
49.2918,389228.69,352225.0689589274,37003.62104107259
48.626,401062.12,343906.01273172593,57156.10726827406
50.9852,381806.64,373383.8100450537,8422.829954946297
45.2318,282179.8,301496.0688351098,-19316.268835109833
45.8879,274055.61,309693.9252344292,-35638.3152344292
49.3898,358180.87,353449.56206536444,4731.307934635552
50.2044,393217.72,363627.8486419314,29589.871358068543
52.117,387768.6,387525.45594163914,243.1440583608346
49.5104,417939.76,354956.43827593885,62983.321724061156
53.0444,383208.46,399113.1590733704,-15904.699073370371
43.7338,244895.11,282778.8170652874,-37883.707065287395
43.0982,250175.82,274837.10463211045,-24661.284632110444
49.7081,382328.93,357426.66569576133,24902.264304238663
50.0046,385128.51,361131.382084114,23997.127915885998
50.3612,379415.65,365587.0376122305,13828.612387769506
51.8702,393889.67,384441.7324858366,9447.93751416338
51.176,395741.99,375767.8231543208,19974.166845679167
44.7514,253029.78,295493.55364804517,-42463.77364804517
45.3534,256583.87,303015.43987330096,-46431.56987330096
50.6742,381638.2,369497.91865625884,12140.281343741168
51.5473,385678.73,380407.15264840296,5271.577351597021
50.6512,392242.88,369210.5376210747,23032.3423789253
49.7473,391971.78,357916.4629383361,34055.317061663955
52.0154,426585.99,386255.9814557821,40330.00854421791
45.2216,252526.81,301368.62159341946,-48841.811593419465
42.8108,251741.09,271246.0911750698,-19505.001175069803
49.7242,391002.37,357627.8324203902,33374.53757960978
51.6875,402308.99,382158.9274802649,20150.062519735075
49.0839,395571.16,349627.3942974147,45943.76570258528
49.7465,382795.42,357906.46707624267,24888.952923757315
49.2531,423582.91,351741.51913016103,71841.39086983894
45.7878,272815.87,308443.1929899971,-35627.322989997105
45.5086,255168.09,304954.63711941347,-49786.54711941347
49.0696,383873.51,349448.7182624958,34424.79173750419
48.8649,370754.23,346891.0270493565,23863.202950643492
52.482,410653.44,392086.0680217361,18567.371978263895
50.6986,381874.39,369802.79245010635,12071.59754989366
51.6558,404870.12,381762.8414448154,23107.278555184603
45.6126,249492.71,306254.09919155063,-56761.38919155064
46.0208,269663.8,311354.48782468913,-41690.68782468914
49.4695,384146.02,354445.3998264157,29700.62017358432
51.9777,402247.25,385784.9264546323,16462.32354536769
53.5389,405210.09,405291.85132983036,-81.76132983033312
49.968,404078.35,360674.0713933426,43404.278606657404
49.7007,383760.97,357334.2039713976,26426.766028602375
45.2265,277544.35,301429.84624874126,-23885.496248741285
46.3272,265898.27,315182.90300644713,-49284.63300644711
50.3831,372460.67,365860.6743370363,6599.995662963658
50.1619,423440.92,363096.81846822146,60344.10153177852
50.1604,378524.31,363078.0762267965,15446.233773203508
49.0459,374548.71,349152.59084798,25396.119152020023
47.179,361205.2,325825.9971703555,35379.20282964449
48.4629,286905.74,341868.10634744156,-54962.366347441566
46.0962,282073.5,312296.59782698867,-30223.09782698867
50.7949,400549.46,371006.044349595,29543.415650405048
54.928,435732.84,422648.4163721937,13084.423627806304
56.2933,443373.29,439707.60451727954,3665.685482720437
54.9632,437798.15,423088.2343043017,14709.91569569835
56.5938,398655.64,443462.300216099,-44806.660216099
49.0349,269286.71,349015.14774419623,-79728.43774419621
50.1245,289797.26,362629.51191535674,-72832.25191535673
56.1243,468688.64,437595.9786500565,31092.66134994349
56.001,424857.18,436055.366404917,-11198.186404916982
52.9467,414806.98,397892.4144152184,16914.56558478158
54.8704,391481.11,421928.7143014715,-30447.604301471496
53.497,408171.19,404768.3180526905,3402.871947309526
48.4448,269457.2,341641.94996757933,-72184.74996757932
51.957,290561.54,385526.28352296655,-94964.74352296657
55.1826,397410.43,425829.5994834065,-28419.169483406527
56.987,422969.39,448375.26643498696,-25405.876434986945
56.9128,423196.52,447448.15022582747,-24251.63022582745
60.1707,449391.97,488155.04911828693,-38763.07911828696
60.7443,459774.35,495322.0822392284,-35547.73223922844
50.6918,281752.37,369717.8276223128,-87965.45762231282
53.3235,266088.11,402600.4654611924,-136512.35546119243
60.0095,397378.0,486140.8829064744,-88762.8829064744
53.1788,400994.72,400792.4639050553,202.25609494466335
55.5974,414205.17,431012.45397881523,-16807.28397881525
54.7492,411565.88,420414.3411943271,-8848.461194327101
53.5631,386755.83,405594.22615815455,-18838.39615815453
50.5477,286689.03,367917.3229627458,-81228.29296274576
48.412,277543.35,341232.11962175136,-63688.76962175139
53.9547,416157.06,410487.2006528559,5669.859347144084
54.4372,407489.33,416515.9549779154,-9026.624977915373
52.3985,387398.92,391042.74991574127,-3643.829915741284
54.0981,383559.05,412278.95893309126,-28719.90893309127
49.8787,356296.33,359558.2832871709,-3261.953287170909
44.5508,241209.2,292987.09122813446,-51777.89122813445
43.3814,257707.96,278375.639813161,-20667.679813160998
47.6487,344862.56,331694.81770192133,13167.742298078665
50.0517,376247.76,361719.8884648606,14527.871535139391
52.4091,387393.43,391175.1950884784,-3781.7650884783943
50.0247,336855.93,361382.5281192097,-24526.598119209695
50.0826,371528.46,362105.97863821685,9422.481361783168
47.3165,252900.85,327544.03596765234,-74643.18596765233
42.267,254604.03,264451.4039171062,-9847.373917106219
50.4274,353625.91,366414.1952004563,-12788.285200456332
49.1797,346698.83,350824.39878309495,-4125.568783094932
48.9907,359627.75,348462.87636353786,11164.873636462144
48.0741,376297.56,337010.11737006716,39287.44262993283
50.664,366573.59,369370.4714145685,-2796.881414568459
44.1167,241711.84,287563.08655972336,-45851.24655972337
45.4228,264079.66,303882.58090990025,-39802.92090990028
48.9462,342762.89,347906.85653459455,-5143.96653459454
47.8882,337094.23,334687.32891612186,2406.901083878125
49.0845,378838.57,349634.89119398466,29203.67880601535
47.8273,373828.77,333926.3939142646,39902.37608573539
52.475,392405.28,391998.60422841914,406.6757715808926
45.9892,240082.68,310959.6512720012,-70876.97127200122
46.661,229203.61,319353.67646490294,-90150.06646490295
48.8156,345531.79,346275.0320478531,-743.2420478531276
51.119,370162.48,375055.61798016867,-4893.137980168685
53.5478,368381.38,405403.05529561907,-37021.67529561906
55.657,421769.14,431757.1457047708,-9988.005704770796
53.5447,377975.61,405364.3213300073,-27388.711330007296
49.3143,236302.62,352506.2025803033,-116203.58258030331
42.3158,233435.22,265061.15150480135,-31625.931504801352
47.5777,345909.46,330807.68494113535,15101.775058864674
47.7848,335944.55,333395.36374055466,2549.186259445327
48.5638,335611.4,343128.83445396705,-7517.434453967027
46.3891,340784.54,315956.3328359211,24828.207164078893
47.7785,332202.65,333316.6463265695,-1113.9963265694678
44.0494,233411.86,286722.1846611191,-53310.32466111914
41.4805,219991.87,254624.2219965686,-34632.351996568614
52.6217,364575.92,393831.5954397896,-29255.6754397896
52.9109,398317.33,397445.09958654037,872.2304134596488
51.129,371688.89,375180.5662563357,-3491.6762563356897
52.2011,358420.95,388576.27094420395,-30155.320944203937
52.9966,349699.71,398515.90631329187,-48816.196313291846
42.8251,224574.57,271424.76720998855,-46850.197209988546
44.6533,237606.1,294267.81105884665,-56661.711058846646
47.249,335232.49,326700.6351035248,8531.854896475212
47.8482,336545.64,334187.5358114537,2358.1041885463055
46.6672,331451.46,319431.1443961265,12020.315603873518
48.9739,348337.1,348252.9632595773,84.13674042269122
47.8669,337559.17,334421.18908788613,3137.9809121138533
47.0329,237708.34,324000.50285555504,-86292.16285555504
43.477,230796.6,279570.1453333178,-48773.5453333178
52.324,357354.95,390111.88525829685,-32756.935258296842
46.327,339906.8,315180.4040409238,24726.39595907618
47.2818,308539.71,327110.46544935263,-18570.75544935261
49.7911,353284.89,358463.7363879477,-5178.846387947677
48.0029,348732.79,336120.48564375774,12612.304356242239
43.6881,230135.67,282207.80344320403,-52072.13344320402
45.3121,234885.96,302499.40349273116,-67613.44349273117
45.6351,298031.05,306535.2328129264,-8504.182812926418
44.9172,317522.35,297565.1960668948,19957.153933105175
47.0063,323065.43,323668.14044095087,-602.7104409508756
45.7254,303591.21,307663.5157467148,-4072.305746714759
47.6088,328558.4,331196.2740800149,-2637.8740800148807
41.61,229214.12,256242.30217293173,-27028.18217293173
39.6205,205303.13,231383.84262949944,-26080.712629499438
47.0777,345848.96,324560.2711327834,21288.68886721664
46.6379,319390.75,319065.0459469571,325.70405304292217
45.0857,317032.6,299670.57452030934,17362.025479690637
45.1809,337949.68,300860.0821094195,37089.59789058048
46.0188,313348.34,311329.4981694557,2018.8418305443483
41.6064,214211.84,256197.32079351164,-41985.48079351164
39.2932,204894.82,227294.28555055225,-22399.46555055224
44.6459,320470.52,294175.3493344829,26295.1706655171
46.2947,330191.82,314776.8211089043,15414.998891095689
45.1343,318620.7,300277.82314248115,18342.87685751886
45.8192,328699.13,308835.5305771617,19863.599422838306
45.3766,317752.08,303305.31987400854,14446.76012599148
45.0893,214410.12,299715.5558997295,-85305.43589972949
46.6939,216480.02,319764.7562934925,-103284.73629349252
50.9594,346650.12,373061.44349254284,-26411.32349254284
48.9585,313137.71,348060.5429142801,-34922.832914280065
48.9428,314263.18,347864.3741206977,-33601.194120697735
46.2233,313084.76,313884.6904170717,-799.9304170716787
48.1817,295073.85,338354.5608216245,-43280.710821624496
43.8372,220680.84,284070.7822408546,-63389.94224085458
41.8113,214392.02,258757.5109721743,-44365.4909721743
44.7656,306746.97,295670.98020020244,11075.989799797535
46.3908,309050.71,315977.5740428695,-6926.864042869478
46.2336,335005.51,314013.38714152377,20992.122858476243
44.609,300218.38,293714.29019542667,6504.089804573334
44.9892,321431.07,298464.8236552974,22966.24634470261
42.1734,224218.27,263281.88805218274,-39063.61805218275
39.0894,200728.24,224747.83968226798,-24019.599682267988
43.2371,315914.03,276572.6361880705,39341.393811929505
44.7827,301998.39,295884.64175244805,6113.748247551965
44.8697,323040.03,296971.6917551013,26068.33824489871
46.839,297969.02,321577.75578067615,-23608.73578067613
43.5928,306519.96,281017.04637133214,25502.913628667884
38.4622,195458.87,216911.0838010714,-21452.213801071397
40.5131,196996.65,242536.72576016933,-45540.07576016933
45.4748,317363.99,304532.3119459689,12831.678054031101
43.8605,303262.35,284361.91172432376,18900.43827567622
44.6324,294388.29,294006.66916165745,381.62083834252553
43.6127,295333.18,281265.6934409045,14067.486559095501
44.3,299871.79,289853.38846186514,10018.401538134844
41.1788,214936.13,250854.5325046091,-35918.40250460908
38.6855,195921.81,219701.1788078813,-23779.368807881314
43.8608,307652.52,284365.6601726088,23286.85982739122
47.0927,304986.32,324747.69354703394,-19761.37354703393
43.553,311308.4,280519.7522321873,30788.647767812712
45.2837,318563.67,302144.55038841674,16419.119611583243
46.0625,311703.83,311875.5221363057,-171.69213630567538
40.1718,200475.03,238272.24109458824,-37797.211094588245
39.0437,187975.45,224176.82606018469,-36201.37606018467
43.5446,300010.67,280414.7956802071,19595.8743197929
45.0736,303272.73,299519.38710614725,3753.342893852736
45.5848,325950.81,305906.7429838063,20044.0670161937
44.5098,291194.75,292474.8032958496,-1280.0532958495896
44.2069,298843.27,288690.12001075,10153.14998925
39.8057,201118.46,233697.884704113,-32579.424704113015
37.5291,189187.81,205252.160151925,-16064.350151924998
44.3459,315890.8,290426.9010494718,25463.89895052818
43.5874,297557.02,280949.574302202,16607.445697798044
46.965,335825.64,323152.10406038095,12673.535939619062
46.4103,325314.28,316221.2231813952,9093.056818604819
49.3215,349455.28,352596.1653391436,-3140.8853391435696
43.1411,215735.96,275373.13273686706,-59637.17273686707
44.1836,225024.4,288398.9905272807,-63374.59052728073
51.0208,343161.94,373828.6259082084,-30666.685908208427
50.7252,345416.76,370135.15486471076,-24718.394864710746
49.5894,324548.35,355943.5296576584,-31395.179657658446
47.7775,316091.92,333304.1514989529,-17212.231498952897
47.5187,321165.34,330070.49011174985,-8905.150111749826
41.8405,203079.57,259122.359938582,-56042.78993858199
41.3609,222531.72,253129.8406136108,-30598.12061361081
44.872,302040.84,297000.4298586197,5040.410141380329
42.8223,273809.04,271389.7816926618,2419.2583073381684
44.5498,322334.53,292974.59640051774,29359.93359948229
44.8117,281743.03,296246.99175333255,-14503.961753332522
44.6458,328841.99,294174.0998517213,34667.890148278675
40.2964,213983.16,239829.09661562956,-25845.93661562956
40.0326,211020.13,236532.96109034313,-25512.831090343127
43.454,281954.33,279282.76429813367,2671.565701866348
42.4847,283878.83,267171.52788926254,16707.30211073748
42.9966,315378.2,273567.6301462533,41810.56985374674
45.5614,294428.78,305614.3640175754,-11185.58401757537
45.5255,294885.58,305165.79970613576,-10280.219706135744
40.8685,210174.4,246977.38749514578,-36802.98749514579
39.9376,217978.12,235345.95246675628,-17367.832466756285
42.239,298789.96,264101.54874383844,34688.41125616158
44.0175,292000.69,286323.5996601463,5677.090339853719
44.3736,291887.13,290773.00777445454,1114.1222255454632
44.3292,299645.96,290218.23742827284,9427.72257172718
43.3601,291544.52,278109.49998492515,13435.020015074871
39.2188,199241.85,226364.6703758695,-27122.820375869487
40.4132,195743.87,241288.49248126062,-45544.62248126062
44.191,311554.82,288491.45225164446,23063.36774835555
41.1669,298045.82,250705.84405597026,47339.97594402975
43.1413,309805.83,275375.6317023904,34430.19829760963
44.3765,308824.47,290809.242774543,18015.22722545697
44.5624,304890.55,293132.0312284882,11758.518771511794
40.5237,200776.03,242669.17093290633,-41893.14093290633
40.0598,216778.81,236872.82040151744,-20094.010401517444
42.3776,301657.01,265833.3318515136,35823.67814848642
44.4975,296250.46,292321.1169161642,3929.343083835847
45.0737,297131.06,299520.63658890896,-2389.576588908967
45.3868,329730.78,303432.7671156989,26298.012884301133
43.8245,310700.18,283912.0979301224,26788.082069877593
40.2938,217879.31,239796.61006382608,-21917.300063826086
40.272,209042.49,239524.222821782,-30481.732821782003
46.2214,335050.31,313860.95024459995,21189.359755400044
43.7589,314896.31,283092.4372384666,31803.87276153342
45.9834,329315.59,310887.1812718244,18428.408728175622
44.7913,320798.24,295992.0972699517,24806.142730048276
46.1754,339570.81,313286.18817423156,26284.621825768438
40.4,227424.52,241123.56075672008,-13699.04075672009
38.6882,207909.32,219734.91484244645,-11825.594842446444
45.405,328407.49,303660.17297832295,24747.317021677038
42.963,311449.29,273147.80393833213,38301.48606166785
45.0661,331652.45,299425.6758990219,32226.774100978102
46.146,334743.29,312918.8402423004,21824.449757699564
43.5665,313274.74,280688.4324050128,32586.307594987215
41.7275,220112.24,257710.44441789447,-37598.20441789448
39.3471,204046.76,227967.75675909256,-23920.99675909255
43.5564,320946.01,280562.23464608414,40383.77535391587
42.8647,299119.67,271919.56238361006,27200.107616389927
46.283,321376.18,314630.63162578887,6745.548374211125
44.6183,310174.12,293830.4920922619,16343.62790773809
46.0522,340008.43,311746.8254118536,28261.60458814638
40.1527,220377.09,238033.58988710924,-17656.49988710924
38.9735,217943.03,223299.68916149205,-5356.659161492047
45.1139,327287.81,300022.92865910043,27264.881340899563
45.1798,293463.56,300846.3377990412,-7382.777799041185
44.7013,323914.4,294867.5627844484,29046.83721555164
44.9883,332882.43,298453.5783104424,34428.8516895576
45.4924,341750.6,304752.22091202287,36998.37908797711
40.9302,216623.2,247748.31835909648,-31125.118359096465
39.7745,220967.46,233308.04608247185,-12340.586082471855
44.5847,327242.99,293410.66588434065,33832.32411565934
45.008,345651.84,298699.72641449154,46952.11358550849
47.4947,342921.05,329770.614248949,13150.435751051002
45.7362,321039.68,307798.4598849751,13241.220115024887
46.4242,324524.99,316394.90128526744,8130.088714732556
41.3601,234864.49,253119.84475151746,-18255.354751517472
41.1387,231193.45,250353.48991717922,-19160.03991717921
44.2053,325536.34,288670.1282865633,36866.2117134367
44.5558,301232.44,293049.565366218,8182.874633782019
45.2904,348374.1,302228.26573344856,46145.83426655142
44.5347,346102.24,292785.9245035056,53316.31549649441
46.1706,324085.31,313226.21300167136,10859.096998328634
42.0068,222058.34,261200.24977123982,-39141.90977123982
41.1697,198701.92,250740.829573297,-52038.90957329699
44.3834,336942.98,290895.45708509826,46047.522914901725
46.5697,330088.44,318212.89870349783,11875.541296502168
45.4623,346018.51,304376.12660076004,41642.383399239974
44.087,325513.7,287191.9901795073,38321.70982049272
46.4917,358690.97,317238.302149395,41452.66785060498
41.5189,244659.88,255104.02337705006,-10444.143377050059
41.5552,239900.24,255557.58561953634,-15657.345619536354
46.6675,336163.14,319434.8928444114,16728.247155588586
44.838,334820.78,296575.6057196518,38245.174280348234
46.4133,345550.64,316258.7076642454,29291.932335754624
47.3452,393449.94,327902.6375202517,65547.30247974832
50.7968,384383.02,371029.7845220667,13353.23547793331
46.6085,242959.58,318697.69801502593,-75738.11801502595
43.1899,242674.84,275982.8803245622,-33308.0403245622
50.1796,393114.45,363317.97691703716,29796.473082962853
48.908,374510.73,347429.55411963654,27081.175880363444
46.0801,341407.05,312095.43110235967,29311.61889764032
47.1812,338817.78,325853.4857911123,12964.294208887732
44.6077,353944.67,293698.0469195249,60246.62308047508
43.1984,249683.79,276089.08635930414,-26405.296359304135
40.5956,222278.31,243567.54903854732,-21289.239038547326
47.7653,360132.0,333151.71460202907,26980.285397970933
49.2774,359813.86,352045.14344124694,7768.716558753047
52.3508,384451.37,390446.7466384246,-5995.376638424583
50.959,416757.57,373056.4455614962,43701.124438503815
52.4413,409332.56,391577.52853773616,17755.03146226384
47.3771,252910.22,328301.2225212245,-75391.00252122452
44.9977,258156.9,298571.02969003946,-40414.12969003947
52.8265,380745.58,396390.53613569064,-15644.95613569062
46.1087,361410.13,312452.7831721974,48957.3468278026
49.1586,396317.2,350560.7579203824,45756.442079617584
49.2504,357603.84,351707.7830955959,5896.056904404133
47.1984,353858.35,326068.3968261196,27789.95317388035
41.2729,241569.1,252030.29578334087,-10461.195783340867
42.059,250142.92,261852.47977283178,-11709.559772831766
50.8097,397295.83,371190.9677983222,26104.86220167781
47.8364,368575.47,334040.09684557666,34535.373154423316
48.5099,374572.62,342455.3632454267,32117.256754573318
46.5002,343689.34,317344.50818413694,26344.831815863086
46.8743,357972.82,322018.8231955458,35953.99680445419
42.5714,239636.13,268254.82944363076,-28618.699443630758
43.5583,252174.38,280585.9748185559,-28411.594818555866
49.5416,411395.51,355346.27689758013,56049.23310241988
47.7617,375913.52,333106.7332226088,42806.786777391215
49.4496,367962.41,354196.7527568432,13765.657243156747
49.9875,398126.47,360917.7205318683,37208.74946813169
49.185,384062.54,350890.6213694635,33171.91863053647
46.5224,268698.44,317621.8933572278,-48923.45335722779
44.5799,275143.49,293350.69071178057,-18207.200711780577
50.0638,391485.9,361871.0758790228,29614.824120977195
50.1581,373364.42,363049.338123278,10315.08187672199
50.1892,377113.28,363437.92726215743,13675.352737842593
50.2439,373435.18,364121.3943327911,9313.785667208896
50.3858,382736.35,365894.41037160147,16841.93962839851
44.2427,246692.9,289137.43483942794,-42444.53483942794
42.5587,235209.46,268096.1451328987,-32886.68513289871
48.1205,359999.39,337589.8773714822,22409.512628517812
46.5008,363716.16,317352.0050807069,46364.15491929307
49.916,374959.47,360024.34035727393,14935.129642726039
48.1562,370647.78,338035.9427173985,32611.83728260151
50.5097,368515.35,367442.5195133111,1072.8304866888793
43.9843,249568.25,285908.77138327167,-36340.52138327167
45.4856,262575.24,304667.2560842292,-42092.016084229224
48.0709,377360.7,336970.1339216938,40390.566078306234
50.4187,374949.53,366305.49020019104,8644.03979980899
