average_turnaround_hours,denied_charge_rate,predicted_value,residual
32.2278,0.0422,0.05351512595319544,-0.011315125953195442
32.6017,0.0439,0.05389870183037006,-0.009998701830370056
34.4783,0.0435,0.055823864951808626,-0.012323864951808629
35.4965,0.0484,0.05686841418459599,-0.008468414184595992
35.5535,0.0433,0.056926889244769706,-0.013626889244769708
35.6023,0.0429,0.0569769521033044,-0.014076952103304397
38.0521,0.0457,0.05949014863687587,-0.013790148636875874
31.9136,0.041,0.053192795007465925,-0.012192795007465923
31.6807,0.0427,0.052953867963352615,-0.010253867963352613
36.5876,0.0467,0.05798774994171079,-0.011287749941710792
36.9527,0.0432,0.05836229809029718,-0.015162298090297177
35.1774,0.0413,0.05654105643544804,-0.015241056435448035
37.3618,0.0462,0.05878198488182469,-0.012581984881824694
36.7653,0.0463,0.05817004850649798,-0.011870048506497977
31.4011,0.0421,0.0526670324050268,-0.0105670324050268
31.0845,0.043,0.0523422393515005,-0.009342239351500504
35.9477,0.0433,0.057331290450392154,-0.014031290450392156
36.407,0.044,0.05780247633000248,-0.013802476330002485
36.1351,0.0451,0.05752354003419136,-0.012423540034191362
37.7857,0.0444,0.05921685467143239,-0.014816854671432386
37.4679,0.0453,0.0588908305640077,-0.0135908305640077
31.7505,0.0425,0.0530254742651092,-0.010525474265109198
30.225,0.0428,0.051460496996775754,-0.008660496996775756
37.2337,0.0455,0.05865056987817112,-0.01315056987817112
36.6087,0.0487,0.058009395972757546,-0.009309395972757546
36.7288,0.0445,0.05813260395042182,-0.013632603950421825
35.594,0.0463,0.056968437313840506,-0.010668437313840505
35.0999,0.0432,0.056461550871176755,-0.013261550871176753
33.2618,0.0445,0.054575884062311654,-0.010075884062311656
29.1149,0.0382,0.050321669552936384,-0.012121669552936386
37.8649,0.0448,0.059298104228726396,-0.014498104228726397
36.7628,0.047,0.058167483810876316,-0.011167483810876316
36.9048,0.046,0.058313158522186284,-0.012313158522186285
37.7977,0.0447,0.05922916521041633,-0.014529165210416334
36.903,0.0435,0.05831131194133869,-0.014811311941338695
30.8572,0.0438,0.052109057225579694,-0.008309057225579695
31.1653,0.0406,0.05242513031399237,-0.01182513031399237
35.7176,0.0426,0.05709523586537509,-0.014495235865375093
35.5622,0.0437,0.056935814385533065,-0.013235814385533062
37.4678,0.0442,0.058890727976182826,-0.014690727976182823
40.8553,0.0508,0.06236589054352439,-0.011565890543524394
40.861,0.0492,0.06237173804954176,-0.013171738049541762
37.2265,0.0504,0.05864318355478076,-0.008243183554780757
36.6277,0.0506,0.05802888765948212,-0.007428887659482124
40.6735,0.0523,0.062179385877917694,-0.009879385877917694
40.6188,0.0516,0.0621232703377159,-0.010523270337715898
40.5635,0.0539,0.0620665392705649,-0.008166539270564897
39.6208,0.0521,0.06109944384555151,-0.008999443845551507
41.6092,0.0518,0.06313930015519045,-0.011339300155190454
36.3777,0.0481,0.05777241809731669,-0.009672418097316691
34.3897,0.0439,0.0557329721389772,-0.011832972138977202
37.0856,0.0428,0.05849863730954432,-0.015698637309544322
37.5976,0.048,0.059023886972859124,-0.011023886972859123
38.6835,0.0469,0.06013788816308088,-0.013237888163080885
37.7982,0.0478,0.059229678149540665,-0.011429678149540663
36.9809,0.0446,0.058391227856909436,-0.013791227856909435
32.9915,0.045,0.05429858917169839,-0.009298589171698395
32.1688,0.048,0.053454599136524394,-0.005454599136524393
37.5341,0.0442,0.0589587437040691,-0.0147587437040691
38.3207,0.0478,0.05976569953446641,-0.011965699534466405
39.3368,0.0472,0.06080809442293157,-0.013608094422931573
40.3745,0.052,0.06187264828156784,-0.009872648281567843
39.3988,0.0507,0.0608716988743486,-0.0101716988743486
33.6137,0.0484,0.05493689061801571,-0.006536890618015712
32.8538,0.0492,0.05415732573685767,-0.004957325736857671
38.4441,0.0476,0.05989229291035126,-0.012292292910351256
39.073,0.0501,0.06053746774093462,-0.010437467740934618
38.6148,0.0488,0.06006741032739782,-0.011267410327397816
39.7722,0.0483,0.06125476181239889,-0.012954761812398886
41.9982,0.0556,0.06353836679391986,-0.007938366793919863
37.5505,0.052,0.05897556810734715,-0.0069755681073471534
37.8318,0.0536,0.0592641476586957,-0.0056641476586956965
42.2355,0.0545,0.0637818077023273,-0.009281807702327304
41.7375,0.0558,0.06327092033449375,-0.007470920334493744
43.9523,0.0565,0.06554303547962972,-0.009043035479629723
43.3308,0.0557,0.06490545214808648,-0.009205452148086476
41.4186,0.0512,0.06294376776099553,-0.011743767760995526
33.0279,0.0481,0.05433593113994968,-0.006235931139949684
32.9747,0.048,0.054281354417120876,-0.0062813544171208754
41.2609,0.0502,0.06278198676118157,-0.012581986761181572
41.5397,0.0545,0.06306800161690848,-0.008568001616908481
40.4393,0.0546,0.06193912519208112,-0.007339125192081117
41.2721,0.0514,0.0627934765975666,-0.011393476597566593
41.7524,0.0549,0.06328620592039882,-0.008386205920398827
35.4607,0.0498,0.056831687743293904,-0.007031687743293907
37.0416,0.0553,0.05845349866660321,-0.0031534986666032078
42.5097,0.0563,0.06406310351811034,-0.00776310351811034
42.4879,0.0576,0.06404073937228952,-0.0064407393722895195
43.8551,0.0611,0.06544332011385981,-0.004343320113859808
44.2783,0.0631,0.06587747178869345,-0.0027774717886934475
40.6758,0.0575,0.06218174539788962,-0.004681745397889618
37.2221,0.0583,0.058638669690486644,-0.0003386696904866468
37.0579,0.0558,0.05847022048205639,-0.002670220482056389
41.5721,0.057,0.06310124007216511,-0.006101240072165108
41.9766,0.0553,0.06351620782374878,-0.00821620782374878
44.9589,0.0579,0.06657568452473261,-0.008675684524732614
43.9586,0.0584,0.06554949851259628,-0.007149498512596282
45.4744,0.0604,0.06710452476191772,-0.00670452476191772
39.783,0.0609,0.061265841297484434,-0.0003658412974844316
38.8627,0.0592,0.06032172554524105,-0.0011217255452410507
45.5292,0.0604,0.06716074288994439,-0.006760742889944389
45.1273,0.0652,0.06674844242180725,-0.0015484424218072529
46.0423,0.063,0.06768712101933272,-0.004687121019332718
41.3326,0.0571,0.06285554223161063,-0.005755542231610636
42.1006,0.0544,0.06364341672658283,-0.009243416726582833
35.5003,0.0557,0.05687231252194091,-0.001172312521940909
36.5774,0.0544,0.057977285983574434,-0.0035772859835744367
42.8797,0.0571,0.06444267847011517,-0.007342678470115174
44.3352,0.0589,0.06593584426104229,-0.007035844261042291
44.4642,0.0571,0.06606818255511965,-0.00896818255511965
43.9098,0.0572,0.0654994356540616,-0.008299435654061604
46.5231,0.0634,0.06818036328128926,-0.0047803632812892655
38.9576,0.0585,0.060419081391039055,-0.0019190813910390514
42.9133,0.0671,0.0644771479792702,0.0026228520207298017
46.6422,0.069,0.06830254538070488,0.0006974546192951292
46.8798,0.0636,0.0685462940525869,-0.004946294052586897
45.3507,0.0638,0.06697762362255827,-0.0031776236225582732
46.66,0.0627,0.06832080601353105,-0.005620806013531043
45.3278,0.0603,0.06695413101066391,-0.006654131010663915
39.8326,0.0603,0.061316724858618055,-0.0010167248586180552
40.0141,0.0605,0.06150292176075016,-0.0010029217607501612
44.6143,0.0614,0.06622216688024378,-0.004822166880243776
46.076,0.0613,0.06772169311631261,-0.0064216931163126115
46.0253,0.0623,0.06766968108910547,-0.005369681089105467
50.2162,0.071,0.07196903424142184,-0.0009690342414218484
52.0212,0.0722,0.07382074448025625,-0.0016207444802562448
44.2881,0.0666,0.06588752539553033,0.0007124746044696734
44.0502,0.0647,0.0656434689601737,-0.0009434689601737073
50.5494,0.0669,0.07231085687387592,-0.005410856873875922
49.5158,0.0681,0.07125050911605918,-0.003150509116059186
43.5091,0.0625,0.06508836623982285,-0.0025883662398228507
44.1158,0.0638,0.06571076657328592,-0.001910766573285927
44.4285,0.0641,0.06603155870164243,-0.0019315587016424246
39.7215,0.0607,0.06120274978519174,-0.0005027497851917417
41.9875,0.0616,0.06352738989665918,-0.001927389896659179
44.8938,0.064,0.06650889985074473,-0.0025088998507447335
45.132,0.0649,0.06675326404957596,-0.0018532640495759617
46.1581,0.0646,0.06780591772052774,-0.0032059177205277373
46.3751,0.0631,0.06802853330048733,-0.004928533300487328
44.559,0.064,0.06616543581309278,-0.002165435813092781
41.7343,0.0664,0.06326763752409803,0.0031323624759019703
38.5632,0.0625,0.06001447500976688,0.0024855249902331206
47.1916,0.0621,0.06886616289051962,-0.0067661628905196225
48.0385,0.0641,0.06973497917931124,-0.005634979179311231
45.9604,0.0623,0.06760310159076732,-0.0053031015907673215
46.4767,0.0636,0.06813276253055137,-0.0045327625305513625
46.2044,0.0587,0.06785341588344078,-0.009153415883440777
41.703,0.0617,0.06323552753491493,-0.0015355275349149336
41.22,0.0659,0.06274002834081133,0.0031599716591886734
47.6674,0.062,0.06935427576123288,-0.007354275761232876
46.355,0.0614,0.06800791314768923,-0.006607913147689222
46.2387,0.0624,0.06788860350736987,-0.005488603507369877
45.319,0.0621,0.0669451032820757,-0.0048451032820756995
48.4303,0.0648,0.07013691827713689,-0.005336918277136893
40.863,0.0621,0.06237378980603909,-0.00027378980603908615
42.3181,0.0635,0.06386654524566676,-0.0003665452456667606
47.4629,0.0632,0.06914448365938154,-0.005944483659381536
45.484,0.0656,0.06711437319310487,-0.0015143731931048648
47.0673,0.0655,0.06873864622421097,-0.003238646224210967
50.3732,0.0691,0.07213009712646173,-0.0030300971264617393
50.009,0.0663,0.07175647226829915,-0.005456472268299151
46.087,0.0703,0.0677329777770479,0.0025670222229521034
45.4743,0.063,0.06710442217409285,-0.004104422174092848
45.5502,0.0634,0.06718228633316628,-0.003782286333166282
45.8497,0.0654,0.06748953686864047,-0.002089536868640468
49.7858,0.072,0.07152749624319785,0.00047250375680214785
50.1299,0.069,0.07188050094856234,-0.002880500948562334
48.7174,0.068,0.07043144792232767,-0.002431447922327662
44.633,0.0674,0.06624135080349376,0.0011586491965062395
44.0864,0.0694,0.06568060575277526,0.0037193942472247415
47.9522,0.07,0.06964644588645172,0.0003535541135482878
50.7167,0.071,0.07248248630487704,-0.0014824863048770454
49.5613,0.0668,0.0712971865763733,-0.0044971865763732966
50.8095,0.0691,0.07257768780635285,-0.0034776878063528527
47.0869,0.0668,0.06875875343788473,-0.001958753437884736
44.7249,0.0708,0.06633562901454576,0.004464370985454241
43.1086,0.0685,0.06467750200123384,0.003822497998766161
49.7272,0.0709,0.07146737977782627,-0.0005673797778262685
49.2067,0.0677,0.07093341014939784,-0.0032334101493978473
45.9985,0.0667,0.06764218755204132,-0.0009421875520413264
46.4598,0.0666,0.06811542518814898,-0.0015154251881489694
46.8305,0.0625,0.06849571825492788,-0.0059957182549278815
41.7581,0.0642,0.0632920534264162,0.0009079465735837983
39.9797,0.0634,0.0614676315489962,0.0019323684510038006
47.203,0.0647,0.06887785790255438,-0.0041778579025543855
46.4678,0.0687,0.06812363221413828,0.0005763677858617172
45.5633,0.0636,0.06719572533822375,-0.0035957253382237486
44.3002,0.0647,0.06589993852233914,-0.0011999385223391418
46.8313,0.0645,0.0684965389575268,-0.003996538957526802
41.3186,0.0641,0.06284117993612937,0.0012588200638706387
38.4445,0.0613,0.05989270326165073,0.001407296738349273
44.6306,0.0629,0.06623888869569697,-0.0033388886956969704
45.9617,0.064,0.06760443523249057,-0.0036044352324905715
44.6877,0.0637,0.06629746634369554,-0.002597466343695537
44.8533,0.0653,0.06646735178167393,-0.001167351781673931
44.8817,0.0659,0.06649648672393593,-0.0005964867239359323
40.7582,0.0597,0.062266277765579345,-0.0025662777655793417
41.2867,0.0688,0.06280845441999705,0.005991545580002949
45.9619,0.0611,0.06760464040814032,-0.006504640408140319
45.7509,0.0678,0.0673881800976727,0.0004118199023273039
45.635,0.0684,0.0672692808086528,0.0011307191913472042
44.8181,0.0663,0.06643124086732105,-0.000131240867321053
46.0457,0.0622,0.06769060900537816,-0.005490609005378157
40.23,0.0643,0.06172440887463622,0.002575591125363777
40.3613,0.0623,0.06185910668868551,0.0004408933113144928
46.2312,0.0689,0.06788090942050491,0.001019090579495091
45.0166,0.0602,0.06663487769968038,-0.006434877699680382
48.9805,0.0696,0.07070135648955056,-0.0011013564895505645
45.8053,0.0668,0.0674439878743999,-0.0006439878743998984
47.5359,0.0702,0.06921937277153385,0.0009806272284661466
47.0282,0.0687,0.06869853438468829,1.465615311710411e-06
43.8181,0.0689,0.06540536261865933,0.003494637381340676
50.4182,0.0697,0.07217626164765151,-0.0024762616476515092
50.0551,0.0667,0.07180376525556245,-0.005103765255562456
47.7748,0.0705,0.06946445508513913,0.001035544914860867
48.3661,0.0665,0.07007105689357282,-0.003571056893572816
49.4708,0.0681,0.0712043445948694,-0.0031043445948694126
44.5361,0.0747,0.06614194320119843,0.008558056798801575
43.1105,0.0696,0.0646794511699063,0.004920548830093699
48.4364,0.07,0.07014317613445373,-0.0001431761344537208
48.4123,0.0732,0.07011845246866098,0.0030815475313390184
48.3047,0.0726,0.07000806796910497,0.0025919320308950278
48.5022,0.0699,0.07021067892321567,-0.00031067892321566537
44.2822,0.0695,0.06588147271386323,0.0036185272861367773
38.7687,0.0633,0.06022529298986686,0.0030747070101331334
43.6292,0.0701,0.06521157421748713,0.004888425782512862
47.5501,0.0653,0.06923394024266485,-0.003933940242664857
48.2983,0.0661,0.07000150234831354,-0.003901502348313532
46.6815,0.0697,0.06834286239587728,0.0013571376041227184
47.5589,0.0685,0.06924296797125307,-0.0007429679712530612
48.3847,0.0677,0.07009013822899793,-0.0023901382289979317
42.1288,0.0672,0.06367234649319509,0.003527653506804909
39.2066,0.0631,0.060674525074955826,0.002425474925044177
42.9621,0.065,0.0645272108378049,0.0004727891621951058
39.9533,0.0579,0.061440548363231526,-0.0035405483632315257
43.1925,0.0669,0.06476357318629655,0.0021364268137034487
44.1513,0.0648,0.06574718525111341,-0.000947185251113411
46.0002,0.0663,0.06764393154506405,-0.001343931545064056
40.0628,0.0615,0.061552882031459984,-5.2882031459984546e-05
38.2711,0.0621,0.05971481597333279,0.0023851840266672156
42.5547,0.0677,0.06410926803930012,0.0035907319606998805
43.1209,0.061,0.06469012030369237,-0.003690120303692368
42.6575,0.0651,0.06421472832326253,0.0008852716767374785
43.2313,0.0651,0.06480337726234463,0.0002966227376553776
41.3617,0.0623,0.06288539528864669,-0.0005853952886466854
39.7306,0.0599,0.061212085277254566,-0.001312085277254564
40.045,0.0639,0.061534621398633804,0.0023653786013661943
43.2945,0.0638,0.06486821276766006,-0.0010682127676600595
41.8251,0.0639,0.06336078726907653,0.0005392127309234718
42.4761,0.0598,0.06402863400895531,-0.004228634008955311
45.2339,0.0629,0.06685780104311459,-0.003957801043114592
43.447,0.0618,0.06502465920058097,-0.0032246592005809663
40.0803,0.063,0.06157083490081156,0.0014291650991884383
38.8687,0.0633,0.060327880814733024,0.0029721191852669707
42.9556,0.0608,0.06452054262918859,-0.0037205426291885904
43.6215,0.0592,0.06520367495497242,-0.006003674954972421
42.2935,0.0614,0.06384130864074967,-0.0024413086407496717
42.6514,0.0618,0.0642084704659457,-0.0024084704659457015
42.7464,0.0632,0.06430592889956857,-0.0011059288995685645
38.8314,0.0622,0.06028961555605795,0.0019103844439420509
37.7259,0.0594,0.059155507152162425,0.00024449284783757685
43.8876,0.0658,0.06547666115694131,0.00032333884305868477
41.2608,0.0629,0.06278188417335673,0.0001181158266432697
41.9747,0.0608,0.06351425865507632,-0.0027142586550763168
41.9808,0.0591,0.06352051651239315,-0.004420516512393155
43.4933,0.0613,0.065072157363494,-0.003772157363494004
37.295,0.0581,0.05871345621481409,-0.0006134562148140885
37.667,0.056,0.05909508292331624,-0.003095082923316242
42.4484,0.0605,0.06400021718146737,-0.003500217181467369
41.0054,0.0611,0.06251987486864852,-0.0014198748686485158
41.6177,0.0606,0.06314802012030409,-0.002548020120304084
40.4691,0.0597,0.061969696363891234,-0.0022696963638912312
42.0612,0.0619,0.06360299712358555,-0.0017029971235855562
36.9002,0.0619,0.05830843948224244,0.0035915605177575596
37.4104,0.0593,0.05883184256470965,0.0004681574352903492
43.0367,0.0628,0.06460374135515506,-0.0018037413551550696
42.5353,0.0609,0.06408936600127607,-0.0031893660012760686
42.1121,0.0614,0.06365521432644244,-0.002255214326442441
42.0332,0.0667,0.06357427253262303,0.0031257274673769653
44.2429,0.064,0.06584115569869081,-0.0018411556986908106
37.1878,0.0579,0.058603482066557556,-0.0007034820665575564
37.4954,0.0593,0.05891904221584589,0.0003809577841541109
41.4985,0.0602,0.06302573543306361,-0.0028257354330636156
40.9665,0.0641,0.06247996820477558,0.001620031795224422
40.3412,0.0618,0.06183848653588741,-3.8486535887408135e-05
42.049,0.0636,0.06359048140895188,9.518591048127134e-06
44.3073,0.0655,0.06590722225790463,-0.00040722225790462696
39.5701,0.0637,0.06104743181834435,0.0026525681816556568
36.951,0.0626,0.058360554097274454,0.0042394459027255485
44.0703,0.064,0.06566408911297181,-0.001664089112971806
42.0331,0.063,0.06357416994479816,-0.0005741699447981558
42.6939,0.0674,0.06425207029151382,0.00314792970848618
41.6758,0.0634,0.06320762364655133,0.00019237635344866721
42.9005,0.0648,0.06446401673768734,0.00033598326231265574
36.8709,0.0584,0.05827838124955665,0.00012161875044335024
36.4428,0.0568,0.05783920277130457,-0.0010392027713045648
42.3607,0.0618,0.06391024765905974,-0.00211024765905974
40.2556,0.0611,0.06175067135780196,-0.0006506713578019602
42.6298,0.0591,0.06418631149577461,-0.005086311495774612
41.0595,0.061,0.06257537488190112,-0.001575374881901126
42.0066,0.0615,0.06354698417120863,-0.0020469841712086323
35.2715,0.0543,0.05663759157864711,-0.0023375915786471094
37.0565,0.0597,0.05846878425250827,0.001231215747491736
41.1996,0.062,0.06271910042453863,-0.0007191004245386268
39.5311,0.0585,0.06100742256664655,-0.0025074225666465444
41.9619,0.0637,0.06350112741349345,0.00019887258650655437
41.2441,0.0594,0.06276475200660407,-0.00336475200660407
42.2633,0.0585,0.06381032711764009,-0.005310327117640089
37.7403,0.0593,0.05917027979894315,0.00012972020105685156
36.3273,0.0591,0.057720713833584146,0.0013792861664158537
42.0417,0.0602,0.06358299249773665,-0.003382992497736652
40.239,0.0596,0.06173364177887417,-0.002133641778874172
42.6944,0.0626,0.06425258323063815,-0.0016525832306381466
41.3216,0.0576,0.06284425757087535,-0.005244257570875349
39.8207,0.0585,0.061304516907458986,-0.002804516907458983
36.1997,0.0598,0.05758981176905491,0.0022101882309450913
36.9751,0.0574,0.0583852777630672,-0.0009852777630671994
41.16,0.0577,0.06267847564589162,-0.004978475645891614
41.4136,0.0611,0.06293863836975223,-0.0018386383697522324
42.1041,0.0641,0.06364700730045314,0.00045299269954686416
39.8568,0.0602,0.061341551112235666,-0.0011415511122356697
43.4081,0.0608,0.06498475253670802,-0.004184752536708018
35.9638,0.0592,0.05734780709019561,0.001852192909804394
35.9009,0.0563,0.05728327934835479,-0.000983279348354786
41.2286,0.0565,0.06274885089374982,-0.0062488508937498174
40.8796,0.0579,0.06239081938496688,-0.004490819384966878
41.1836,0.06,0.06270268637256003,-0.002702686372560034
42.8677,0.0599,0.06443036793113123,-0.004530367931131228
42.8548,0.0582,0.06441713410172349,-0.00621713410172349
37.5278,0.0583,0.05895228067110253,-0.0006522806711025328
36.3187,0.058,0.057711891280645654,0.0002881087193543491
42.3315,0.057,0.06388029201419881,-0.006880292014198812
41.8668,0.0562,0.06340356639204572,-0.007203566392045724
41.8041,0.0614,0.06333924382585462,-0.001939243825854621
42.5348,0.0598,0.06408885306215174,-0.004288853062151744
45.5974,0.0646,0.06723070778650311,-0.0026307077865031087
40.0275,0.0597,0.061516668529282226,-0.0018166685292822227
41.0958,0.0638,0.06261261426232753,0.001187385737672464
45.8679,0.0637,0.06750820785276611,-0.0038082078527661017
44.2257,0.0638,0.06582351059281384,-0.002023510592813846
43.8794,0.0575,0.06546824895530229,-0.007968248955302286
46.5687,0.0621,0.06822714332942824,-0.006127143329428236
46.5045,0.0625,0.06816128194586416,-0.005661281945864155
38.5055,0.059,0.05995528183481909,-0.0009552818348190911
36.313,0.0572,0.057706043774628284,-0.0005060437746282828
42.7067,0.0624,0.0642652015330967,-0.0018652015330967026
42.6529,0.0601,0.06421000928331869,-0.004110009283318686
42.4646,0.0597,0.0640168364090957,-0.004316836409095692
43.1442,0.0607,0.06471402326688619,-0.004014023266886192
41.915,0.0578,0.06345301372363121,-0.005653013723631216
40.0205,0.0631,0.06150948738154159,0.0015905126184584117
36.1594,0.0567,0.05754846887563384,-0.0008484688756338413
42.8968,0.0604,0.06446022098816728,-0.0040602209881672804
42.4503,0.0592,0.06400216635013983,-0.00480216635013983
42.3659,0.0553,0.06391558222595278,-0.008615582225952781
40.9808,0.0563,0.06249463826373144,-0.006194638263731435
43.3094,0.0575,0.0648834983535651,-0.007383498353565103
38.5025,0.0619,0.059952204200073106,0.0019477957999268908
37.3844,0.0608,0.058805169730244446,0.0019948302697555542
41.885,0.0629,0.06342223737617136,-0.0005222373761713667
45.2594,0.0654,0.06688396093845546,-0.0014839609384554586
45.0474,0.0637,0.06666647474973918,-0.0029664747497391702
45.6087,0.0653,0.067242300210713,-0.0019423002107129966
45.8687,0.0616,0.06750902855536503,-0.0059090285553650285
40.4934,0.0646,0.06199462520533372,0.0026053747946662847
37.5582,0.0608,0.05898346736986185,0.0018165326301381526
43.0964,0.0585,0.06466498628660017,-0.0061649862866001645
45.2674,0.0628,0.06689216796444475,-0.004092167964444754
43.2225,0.0599,0.0647943495337564,-0.004894349533756399
45.5051,0.0617,0.06713601922415163,-0.005436019224151635
41.5152,0.0607,0.06304286759981625,-0.0023428675998162576
41.2353,0.0618,0.06275572427801585,-0.0009557242780158445
39.5925,0.0642,0.061070411491114376,0.003129588508885617
42.2559,0.0591,0.06380273561859999,-0.00470273561859999
44.762,0.0635,0.06637368909757112,-0.0028736890975711166
47.4269,0.0636,0.06910755204242973,-0.005507552042429725
48.0266,0.0655,0.06972277122815215,-0.00422277122815215
47.7983,0.0646,0.06948856322398268,-0.004888563223982678
42.7241,0.0675,0.0642830518146234,0.0032169481853766
41.5787,0.0695,0.06310801086860628,0.00639198913139373
48.2004,0.0716,0.06990106886776956,0.0016989311322304357
47.0368,0.0642,0.06870735693762678,-0.004507356937626786
47.6441,0.0712,0.06933037279803905,0.0018696272019609467
49.6571,0.0688,0.07139546571259509,-0.0025954657125950853
49.6261,0.0684,0.07136366348688658,-0.002963663486886578
43.0631,0.0642,0.06463082454091973,-0.0004308245409197359
42.6466,0.0672,0.06420354625035213,0.0029964537496478677
48.2833,0.0715,0.06998611417458361,0.0015138858254163806
45.6489,0.0655,0.06728354051630919,-0.00178354051630919
43.535,0.0619,0.06511493648646319,-0.0032149364864631907
47.7448,0.0682,0.06943367873767928,-0.0012336787376792807
50.9401,0.0679,0.07271166750562807,-0.004811667505628073
42.2733,0.0647,0.06382058590012671,0.0008794140998732852
43.2403,0.0625,0.06481261016658257,-0.002312610166582574
49.1102,0.0694,0.07083441289840199,-0.0014344128984019877
47.2019,0.0692,0.06887672943648085,0.0003232705635191485
50.1866,0.0683,0.07193866824526146,-0.0036386682452614616
46.719,0.0646,0.06838133283020209,-0.003781332830202086
43.8306,0.06,0.06541818609676758,-0.0054181860967675854
42.056,0.0607,0.06359766255669251,-0.0028976625566925138
39.7572,0.0597,0.06123937363866896,-0.0015393736386689547
44.623,0.0632,0.06623109202100713,-0.0030310920210071257
44.2549,0.0592,0.06585346623767477,-0.0066534662376747655
45.7459,0.0639,0.06738305070642939,-0.0034830507064293886
47.2368,0.066,0.06891253258735913,-0.002912532587359129
46.1381,0.0645,0.06778540015555451,-0.0032854001555545076
42.7407,0.0611,0.06430008139355119,-0.003200081393551185
40.6223,0.0636,0.062126860911586215,0.0014731390884137885
45.2799,0.0649,0.06690499144255302,-0.0020049914425530196
46.2625,0.0652,0.06791301940968802,-0.0027130194096880306
46.1024,0.0631,0.06774877630207729,-0.004648776302077287
47.4382,0.0667,0.06911914446663961,-0.002419144466639614
48.0849,0.0709,0.06978257993004913,0.0011174200699508724
42.5574,0.0654,0.0641120379105715,0.001287962089428496
41.0715,0.0587,0.06258768542088505,-0.003887685420885051
48.0909,0.0665,0.0697887351995411,-0.003288735199541093
46.6506,0.0649,0.06831116275799363,-0.0034111627579936354
48.9311,0.065,0.07065067810406668,-0.005650678104066678
46.6181,0.0588,0.06827782171491212,-0.00947782171491212
46.8117,0.0631,0.06847643174385304,-0.005376431743853036
40.1298,0.0645,0.06162161587412032,0.0028783841258796794
43.8924,0.0609,0.0654815853725349,-0.004581585372534898
46.9061,0.0662,0.0685732746505267,-0.0023732746505267105
48.7344,0.065,0.07044888785255492,-0.005448887852554915
46.2271,0.0641,0.0678767033196854,-0.0037767033196853955
48.634,0.069,0.07034588967638927,-0.001345889676389267
47.2681,0.0647,0.06894464257654223,-0.004244642576542237
41.6057,0.0632,0.06313570958132014,6.429041867986318e-05
40.8967,0.0649,0.06240836190301899,0.002491638096981011
47.2278,0.0685,0.06890329968312117,-0.0004032996831211666
47.7391,0.0661,0.06942783123166191,-0.0033278312316619013
49.5187,0.0673,0.0712534841629803,-0.003953484162980303
47.3251,0.0672,0.06900311763671596,-0.0018031176367159646
48.6066,0.0708,0.07031778061237595,0.0004822193876240499
42.6348,0.0651,0.06419144088701792,0.0009085591129820852
42.6125,0.0642,0.06416856380207275,3.143619792723984e-05
46.4044,0.0641,0.06805859153317312,-0.003958591533173114
49.2069,0.0622,0.07093361532504758,-0.00873361532504758
51.515,0.0709,0.07330144491078369,-0.002401444910783687
49.2695,0.0697,0.0709978353034138,-0.0012978353034138052
51.2572,0.0681,0.0730369734982787,-0.004936973498278707
44.8455,0.0685,0.06645934993133437,0.0020406500686656337
45.8454,0.0663,0.06748512559217122,-0.001185125592171224
53.9992,0.0787,0.07584993165610912,0.0028500683438908853
53.2734,0.0757,0.07510534922323045,0.0005946507767695536
54.482,0.0743,0.076345225674563,-0.0020452256745630004
56.0622,0.0769,0.07796631848309823,-0.0010663184830982386
55.4207,0.076,0.07730821758658174,-0.001308217586581742
51.0522,0.0737,0.07282666845730304,0.0008733315426969618
46.9843,0.07,0.06865349832957204,0.001346501670427963
51.6561,0.072,0.07344619633166985,-0.001446196331669855
52.089,0.0733,0.0738902990255155,-0.000590299025515495
46.5345,0.0683,0.068192058293324,0.00010794170667599579
52.0415,0.072,0.07384156980870407,-0.0018415698087040772
52.1794,0.0709,0.07398303841919453,-0.0030830384191945226
43.9538,0.0696,0.06554457429700272,0.004055425702997273
43.829,0.0637,0.06541654469156974,-0.0017165446915697324
54.184,0.0665,0.0760395139564618,-0.009539513956461798
54.7517,0.0752,0.07662190503822705,-0.0014219050382270476
54.4117,0.0706,0.07627310643368208,-0.0056731064336820874
54.8499,0.0676,0.07672264628224565,-0.009122646282245656
55.4856,0.0729,0.0773747970849199,-0.004474797084919893
47.4335,0.0669,0.0691143228388709,-0.002214322838870894
46.6878,0.0679,0.06834932542884385,-0.00044932542884384974
56.9423,0.075,0.07886919392974542,-0.0038691939297454264
53.8838,0.0746,0.07573154530621357,-0.001131545306213566
53.183,0.0716,0.07501260982955144,-0.0034126098295514384
58.1978,0.0729,0.08015718407094019,-0.007257184070940184
54.6737,0.072,0.07654188653483145,-0.004541886534831452
42.5246,0.0634,0.06407838910401539,-0.000678389104015395
44.6614,0.0702,0.06627048574575575,0.003929514254244246
48.3062,0.0634,0.07000960678647797,-0.00660960678647797
51.4317,0.0678,0.07321598925267017,-0.0054159892526701725
49.0145,0.0695,0.07073623635000506,-0.0012362363500050544
49.081,0.071,0.07080445725354106,0.00019554274645892933
51.1019,0.0733,0.07287765460626153,0.0004223453937384769
43.1385,0.0721,0.06470817576086882,0.007391824239131178
44.7484,0.0649,0.06635973715338932,-0.0014597371533893178
49.5577,0.0682,0.07129349341467811,-0.003093493414678114
47.9155,0.0682,0.06960879615472584,-0.001408796154725847
50.2935,0.065,0.0720483346300434,-0.007048334630043396
51.6241,0.0677,0.07341336822771267,-0.0057133682277126785
50.5519,0.0762,0.07231342156949759,0.003886578430502413
42.5339,0.0676,0.06408792977172795,0.003512070228272046
44.5985,0.0689,0.06620595800391493,0.0026940419960850698
50.9123,0.0694,0.07268314809031527,-0.0032831480903152688
48.9192,0.0692,0.0706384701529076,-0.0014384701529076005
51.2489,0.0701,0.0730284587088148,-0.0029284587088148073
51.3367,0.0692,0.0731185308190473,-0.003918530819047306
51.8631,0.0723,0.07365855312914282,-0.00135855312914282
46.7881,0.0718,0.06845222101718462,0.0033477789828153803
48.5608,0.0723,0.07027079538858724,0.0020292046114127604
53.1489,0.0764,0.07497762738127206,0.001422372618727935
53.2268,0.0727,0.0750575432968428,-0.002357543296842804
52.774,0.0753,0.0745930256258488,0.0007069743741512091
54.5322,0.0706,0.07639672476264582,-0.005796724762645825
53.3944,0.079,0.0752294804913185,0.0037705195086814997
50.3251,0.0745,0.07208075238270112,0.002419247617298878
48.717,0.0787,0.0704310375710282,0.008268962428971807
48.4793,0.0737,0.07018718631132131,0.003512813688678687
50.48,0.069,0.0722396609234188,-0.003239660923418791
50.9635,0.0668,0.07273567305664674,-0.005935673056646745
49.6976,0.0685,0.07143701378166589,-0.002937013781665887
51.9665,0.0729,0.07376462894005445,-0.0008646289400544432
42.8604,0.0676,0.064422879019916,0.0031771209800839917
45.3149,0.0686,0.06694089718125618,0.0016591028187438184
50.6289,0.069,0.07239241419464454,-0.003392414194644533
51.3589,0.0742,0.07314130531616758,0.0010586946838324202
48.7544,0.0684,0.07046940541752815,-0.0020694054175281473
48.8398,0.0686,0.07055701541996387,-0.0019570154199638756
48.9177,0.0692,0.07063693133553461,-0.0014369313355346164
43.8368,0.069,0.0654245465419093,0.0035754534580907105
45.6983,0.0722,0.06733421890179309,0.004865781098206914
49.162,0.0691,0.07088755339168266,-0.0017875533916826697
49.0769,0.0712,0.07080025115272157,0.0003997488472784333
49.8798,0.0684,0.07162392879857205,-0.0032239287985720427
49.0163,0.0658,0.07073808293085265,-0.004938082930852655
51.8369,0.0726,0.07363167511902789,-0.0010316751190278944
45.7427,0.071,0.06737976789603367,0.0036202321039663227
43.8464,0.0696,0.06543439497309646,0.004165605026903538
50.4813,0.0692,0.07224099456514207,-0.0030409945651420772
50.7966,0.0737,0.07256445397694511,0.0011355460230548925
49.6504,0.0677,0.07138859232832905,-0.003688592328329049
50.4536,0.0729,0.07221257773765413,0.0006874222623458742
47.1467,0.0739,0.06882010095715471,0.005079899042845282
44.0917,0.0696,0.06568604290749316,0.003913957092506831
41.4721,0.0665,0.06299865224729893,0.00350134775270107
50.0677,0.0711,0.0718166913214956,-0.0007166913214955994
49.3811,0.0719,0.07111232331596445,0.0007876766840355515
49.2085,0.0667,0.07093525673024544,-0.00423525673024544
50.3092,0.0724,0.07206444091854738,0.0003355590814526216
48.5258,0.0686,0.07023488964988409,-0.0016348896498840915
42.7933,0.0684,0.06435404258943081,0.0040459574105691926
44.8186,0.0734,0.06643175380644536,0.006968246193554642
52.8252,0.0752,0.07464555059218027,0.0005544494078197348
51.9942,0.0735,0.07379304576754238,-0.00029304576754238254
53.3232,0.0773,0.0751564379600138,0.0021435620399861965
52.6288,0.0788,0.0744440681041431,0.004355931895856896
54.0566,0.0829,0.0759088170675823,0.006991182932417697
46.1513,0.0706,0.06779894174843684,0.0028010582515631544
50.0308,0.0813,0.07177883641411997,0.009521163585880024
52.8157,0.0774,0.07463580474881798,0.0027641952511820167
50.8047,0.0786,0.07257276359075926,0.006027236409240744
48.2907,0.0663,0.06999370567362372,-0.003693705673623718
48.7774,0.0697,0.07049300061724736,-0.0007930006172473664
48.8984,0.0744,0.07061713188533544,0.0037828681146645504
43.4808,0.0709,0.06505933388538573,0.005840666114614271
47.6507,0.073,0.06933714359448022,0.0036628564055197765
51.8837,0.0711,0.07367968622106526,-0.002579686221065261
49.5059,0.0756,0.07124035292139744,0.004359647078602563
52.2631,0.0769,0.07406890442860752,0.0028310955713924807
50.7641,0.078,0.0725311129338636,0.005468887066136394
52.4819,0.0741,0.07429336658941471,-0.00019336658941471185
47.7539,0.0746,0.06944301422974211,0.005156985770257888
45.6765,0.0698,0.06731185475597226,0.0024881452440277396
49.4638,0.0669,0.07119716344712877,-0.004297163447128771
50.4895,0.0721,0.0722494067667811,-0.00014940676678110165
51.9608,0.074,0.07375878143403708,0.0002412185659629168
53.2915,0.0755,0.07512391761953122,0.0003760823804687813
46.5909,0.072,0.06824991782654853,0.0037500821734514633
44.4953,0.0733,0.06610008736865304,0.007199912631346964
42.1701,0.0674,0.06371471526486482,0.003685284735135186
49.1903,0.0693,0.0709165857461198,-0.0016165857461197947
46.4982,0.067,0.06815481891289758,-0.0011548189128975789
50.1081,0.0719,0.07185813680274152,4.1863197258490414e-05
50.9217,0.0735,0.07269279134585269,0.0008072086541473095
47.796,0.0695,0.06948620370401076,1.3796295989243479e-05
42.992,0.0718,0.06455788459743989,0.0072421154025601175
43.0887,0.0656,0.06465708702408547,0.0009429129759145338
48.0113,0.0695,0.06970707529094763,-0.0002070752909476281
47.696,0.0694,0.0693836158791446,1.6384120855403306e-05
47.0775,0.067,0.06874911018234732,-0.001749110182347316
46.3815,0.0731,0.06803509892127876,0.0050649010787212345
47.8701,0.0722,0.0695622212822366,0.0026377787177633977
43.3633,0.0671,0.06493879319116798,0.002161206808832028
43.0224,0.0706,0.0645890712961992,0.006010928703800794
48.2891,0.0713,0.06999206426842586,0.0013079357315741447
46.7077,0.0691,0.06836974040599222,0.0007302595940077705
46.8878,0.0688,0.06855450107857619,0.000245498921423809
50.8601,0.0713,0.07262959724573513,-0.0013295972457351285
52.3231,0.0711,0.07413045712352721,-0.0030304571235272165
45.5812,0.0711,0.0672140885588748,0.0038859114411251977
48.2285,0.0715,0.06992989604655694,0.00157010395344305
50.627,0.0738,0.07239046502597209,0.0014095349740279178
49.1266,0.0732,0.07085123730168005,0.0023487626983199478
52.4644,0.0711,0.07427541372006312,-0.003175413720063122
50.5858,0.0705,0.07234819884212722,-0.0018481988421272244
45.7153,0.0674,0.06735165883202032,4.8341167979679134e-05
40.7013,0.0689,0.06220790529323049,0.006692094706769514
43.4359,0.0749,0.0650132719520208,0.009886728047979187
47.5708,0.0709,0.06925517592241215,0.0016448240775878559
47.6613,0.0713,0.06934801790391604,0.0019519820960839651
49.6649,0.075,0.07140346756293464,0.0035965324370653556
47.6292,0.0671,0.06931508721213399,-0.0022150872121339815
48.5006,0.0736,0.0702090375180178,0.0033909624819822015
46.2041,0.0717,0.06785310811996617,0.0038468918800338286
43.8107,0.0672,0.06539777111961922,0.0018022288803807712
50.2465,0.0741,0.0720001183523563,0.0020998816476437004
50.8636,0.0722,0.07263318781960544,-0.0004331878196054406
44.3328,0.0688,0.06593338215324551,0.002866617846754488
44.9771,0.0712,0.06659435550885826,0.004605644491141744
45.8709,0.0686,0.06751128548751209,0.0010887145124879039
42.8171,0.0692,0.06437845849174895,0.004821541508251051
41.8993,0.0726,0.06343690743512723,0.009163092564872771
45.9959,0.066,0.06763952026859481,-0.0016395202685948046
44.1074,0.0697,0.06570214919599715,0.003997850804002848
45.6461,0.0693,0.06728066805721294,0.002019331942787056
45.463,0.0653,0.06709282974988298,-0.0017928297498829848
48.2235,0.0739,0.06992476665531365,0.003975233344686344
43.517,0.0716,0.0650964706779873,0.006503529322012702
42.6226,0.0763,0.06417892517238424,0.012121074827615763
47.9541,0.0729,0.06964839505512418,0.0032516049448758216
50.0351,0.0752,0.07178324769058922,0.003416752309410784
45.9256,0.0691,0.06756740102771389,0.0015325989722861089
44.0454,0.0663,0.06563854474458014,0.0006614552554198572
44.7214,0.0671,0.06633203844067545,0.0007679615593245565
40.5322,0.0653,0.062034429281381795,0.003265570718618202
39.5094,0.062,0.06098516100865059,0.0010148389913494094
44.7949,0.0667,0.06640744049195209,0.0002925595080479071
43.3988,0.0636,0.06497521186899546,-0.00137521186899546
43.9354,0.0689,0.06552569813722735,0.003374301862772655
44.4777,0.0661,0.06608203191147659,1.7968088523417913e-05
44.6478,0.0647,0.06625653380157395,-0.0015565338015739588
41.2915,0.0677,0.06281337863559064,0.004886621364409358
37.1225,0.065,0.05853649221691994,0.006463507783080059
42.968,0.0649,0.064533263519472,0.0003667364805279988
44.5369,0.0693,0.06614276390379736,0.003157236096202637
43.3571,0.0618,0.06493243274602628,-0.00313243274602628
45.3078,0.0697,0.06693361344569068,0.0027663865543093163
45.7847,0.07,0.06742285478247745,0.0025771452175225584
41.6089,0.0703,0.06313899239171586,0.007161007608284142
38.7075,0.0653,0.06016250924104876,0.005137490758951237
45.1328,0.0637,0.06675408475217488,-0.0030540847521748765
45.1422,0.065,0.0667637280077123,-0.0017637280077122952
45.3778,0.0673,0.067005424923097,0.0002945750769030031
43.3801,0.0636,0.0649560279457455,-0.0013560279457454916
44.3785,0.0691,0.06598026478920935,0.0031197352107906473
39.2169,0.0646,0.060685091620917044,0.003914908379082961
41.6471,0.0671,0.06317818094081473,0.003921819059185275
47.5118,0.0682,0.06919464910574111,-0.0009946491057411105
47.4317,0.0641,0.0691124762580233,-0.005012476258023299
45.1169,0.0661,0.06673777328802116,-0.0006377732880211567
48.9062,0.065,0.070625133735675,-0.0056251337356749975
49.4996,0.0735,0.07123388988843087,0.0022661101115691307
43.3302,0.0674,0.06490483662113727,0.0024951633788627275
44.1533,0.07,0.06574923700761073,0.004250762992389273
50.146,0.0703,0.0718970175883658,-0.0015970175883657928
49.2605,0.0753,0.07098860239917584,0.004311397600824163
49.0133,0.0708,0.07073500529610667,6.499470389333128e-05
45.5826,0.0664,0.06721552478842292,-0.0008155247884229222
44.2742,0.0715,0.06587326568787394,0.0056267343121260555
44.7558,0.0709,0.06636732865242942,0.004532671347570585
38.9794,0.0618,0.06044144553685988,0.0013585544631401214
43.5862,0.0637,0.06516746145279467,-0.0014674614527946661
43.292,0.0623,0.0648656480720384,-0.0025656480720384
43.9056,0.066,0.06549512696541723,0.0005048730345827701
43.2432,0.0638,0.0648155852135037,-0.0010155852135037002
42.7915,0.0632,0.0643521960085832,-0.0011521960085831978
39.8104,0.0632,0.06129395036149777,0.0019060496385022371
38.2917,0.0596,0.059735949065255214,-0.00013594906525521422
41.9216,0.061,0.06345978452007238,-0.0024597845200723806
44.5719,0.0651,0.06617866964250052,-0.0010786696425005154
43.5045,0.0669,0.06508364719987901,0.0018163528001209905
43.2455,0.0634,0.06481794473347563,-0.0014179447334756318
44.0534,0.0625,0.06564675177056943,-0.003146751770569431
36.5003,0.0606,0.057898190770602626,0.0027018092293973756
37.9515,0.0625,0.059386945285060506,0.0031130547149394935
42.3821,0.0637,0.06393220145358111,-0.00023220145358110456
44.0726,0.0693,0.06566644863294374,0.003633551367056259
41.5239,0.0634,0.06305179274057962,0.0003482072594203772
41.9027,0.061,0.06344039542117268,-0.002440395421172678
42.8634,0.0649,0.06442595665466198,0.0004740433453380155
37.759,0.0626,0.05918946372219312,0.0034105362778068804
38.1319,0.0624,0.05957201372111908,0.002827986278880916
44.2876,0.0682,0.06588701245640599,0.0023129875435940056
42.8965,0.0642,0.06445991322469269,-0.0002599132246926955
44.2934,0.0683,0.06589296255024824,0.0024070374497517644
42.9374,0.0637,0.06450187164506295,-0.0008018716450629432
43.2408,0.0643,0.06481312310570692,-0.0005131231057069197
38.6401,0.06,0.060093365047088954,-9.336504708895577e-05
39.9284,0.0647,0.06141500399483985,0.0032849960051601415
44.7587,0.0686,0.06637030369935054,0.002229696300649453
45.5418,0.0673,0.06717366895587754,0.000126331044122463
43.2008,0.0654,0.06477208797576045,0.0006279120242395492
44.1609,0.062,0.06575703368230056,-0.0037570336823005562
43.0433,0.0662,0.06461051215159623,0.0015894878484037644
38.1449,0.0612,0.05958535013835168,0.001614649861648318
36.4381,0.0572,0.05783438114353586,-0.0006343811435358601
42.1825,0.0632,0.06372743615514823,-0.0005274361551482198
43.6101,0.059,0.06519197994293768,-0.0061919799429376865
44.3238,0.062,0.06592414924900755,-0.0039241492490075525
43.0568,0.0609,0.06462436150795317,-0.003724361507953168
43.0534,0.061,0.0646208735219077,-0.003620873521907708
39.6594,0.0678,0.06113904274594985,0.006660957254050151
37.2796,0.0567,0.058697657689784695,-0.0019976576897846945
44.8116,0.0601,0.06642457265870474,-0.006324572658704744
42.9893,0.0644,0.0645551147261685,-0.0001551147261684982
45.1362,0.0702,0.06675757273822033,0.0034424272617796653
44.0745,0.0664,0.06566839780161618,0.0007316021983838211
44.863,0.0666,0.06647730280068595,0.00012269719931405632
39.8292,0.0617,0.061313236872572605,0.00038676312742739333
39.073,0.0622,0.06053746774093462,0.0016625322590653815
44.1327,0.0698,0.0657281039156883,0.004071896084311702
43.1868,0.066,0.06475772568027918,0.0012422743197208208
46.576,0.067,0.06823463224064347,-0.0012346322406434629
44.1547,0.0664,0.06575067323715886,0.0006493267628411431
43.2876,0.0621,0.06486113420774428,-0.0027611342077442785
38.9507,0.0593,0.06041200283112329,-0.001112002831123289
39.2816,0.0614,0.06075146594360545,0.0006485340563945549
43.074,0.0624,0.06464200661383014,-0.002242006613830144
44.3069,0.0668,0.06590681190660516,0.0008931880933948366
45.5075,0.065,0.06713848133194843,-0.0021384813319484247
45.5455,0.0654,0.06717746470539757,-0.0017774647053975662
45.5205,0.0633,0.06715181774918103,-0.00385181774918103
41.4179,0.0668,0.06294304964622148,0.0038569503537785182
39.9862,0.0653,0.06147429975761249,0.0038257002423875072
47.1104,0.0661,0.06878286157672829,-0.002682861576728285
44.8674,0.0621,0.06648181666498007,-0.004381816664980068
44.4996,0.063,0.06610449864512229,-0.003104498645122286
48.4618,0.0736,0.07016923344196974,0.0034307665580302626
48.436,0.0681,0.07014276578315426,-0.0020427657831542656
43.7793,0.0636,0.06536555854261125,-0.001765558542611248
42.5985,0.0667,0.0641542015065915,0.0025457984934084965
47.8027,0.0654,0.06949307708827679,-0.004093077088276789
48.2759,0.0682,0.06997852267554353,-0.0017785226755435285
47.0859,0.0708,0.06875772755963608,0.0020422724403639236
48.7615,0.0645,0.07047668915309366,-0.005976689153093656
48.1302,0.0686,0.06982905221471351,-0.0012290522147135191
43.7681,0.0657,0.06535406870622623,0.00034593129377376297
39.5971,0.0623,0.06107513053105822,0.0012248694689417847
44.4139,0.0635,0.06601658087921197,-0.0025165808792119715
43.2542,0.0615,0.06482686987423898,-0.003326869874238983
45.2991,0.065,0.06692468830492733,-0.0019246883049273272
46.619,0.0669,0.06827874500533593,-0.0013787450053359268
47.1196,0.0659,0.06879229965661599,-0.0028922996566159848
37.761,0.0594,0.05919151547869045,0.00020848452130955292
39.9705,0.0628,0.06145819346910851,0.0013418065308914845
46.4205,0.0658,0.06807510817297657,-0.0022751081729765754
45.3607,0.062,0.06698788240504489,-0.0049878824050448856
44.8221,0.0612,0.06643534438031569,-0.0052353443803156915
46.0439,0.0617,0.06768876242453056,-0.005988762424530565
45.6482,0.0654,0.06728282240153513,-0.0018828224015351308
40.3132,0.0658,0.06180976194492488,0.003990238055075118
38.2423,0.0606,0.05968527067977133,0.000914729320228673
45.5815,0.0631,0.06721439632234939,-0.00411439632234939
46.4171,0.0647,0.06807162018693112,-0.003371620186931129
43.5731,0.0636,0.0651540224477372,-0.0015540224477371967
46.3328,0.0627,0.06798513865056893,-0.005285138650568927
45.2141,0.065,0.06683748865379108,-0.001837488653791075
42.2088,0.0645,0.06375441675308802,0.000745583246911985
41.8869,0.0666,0.06342418654484382,0.00317581345515619
45.1766,0.0673,0.06679901821946627,0.0005009817805337324
45.6002,0.0689,0.06723358024559936,0.0016664197544006415
46.775,0.067,0.06843878201212715,-0.001438782012127146
45.7911,0.0683,0.06742942040326888,0.0008705795967311192
47.569,0.0671,0.06925332934156456,-0.00215332934156455
40.9945,0.0624,0.0625086927957381,-0.00010869279573810786
43.7426,0.0675,0.06532790881088538,0.0021720911891146277
46.2737,0.0601,0.06792450924607303,-0.00782450924607303
49.2257,0.0629,0.07095290183612242,-0.008052901836122422
47.1292,0.0674,0.06880214808780313,-0.0014021480878031317
46.8132,0.0678,0.06847797056122604,-0.0006779705612260378
45.6308,0.0639,0.06726497212000843,-0.0033649721200084276
41.0472,0.0661,0.06256275657944257,0.0035372434205574316
40.3981,0.0626,0.06189685900823626,0.0007031409917637454
48.5543,0.0676,0.07026412717997094,-0.002664127179970943
51.2395,0.0697,0.07301881545327737,-0.0033188154532773767
49.3671,0.0673,0.07109796102048319,-0.003797961020483187
52.7326,0.077,0.07455055426635418,0.002449445733645819
50.3948,0.065,0.07215225609663282,-0.0071522560966328225
46.5874,0.0661,0.06824632725267821,-0.0021463272526782012
45.6643,0.0682,0.06729933904133859,0.0009006609586614117
49.2449,0.0752,0.07097259869849673,0.004227401301503272
50.5309,0.0683,0.07229187812627569,-0.003991878126275689
52.9275,0.068,0.07475049793701835,-0.006750497937018346
50.3332,0.0689,0.07208906199651527,-0.003189061996515266
45.1071,0.0643,0.06672771968118428,-0.0024277196811842844
40.3111,0.062,0.06180760760060269,0.00019239239939730646
42.531,0.0621,0.06408495472480683,-0.0019849547248068228
46.5114,0.0705,0.06816836050577993,0.002331639494220064
48.7715,0.0687,0.07048694793558027,-0.001786947935580277
47.639,0.0697,0.06932514081897087,0.0003748591810291274
47.8762,0.0697,0.06956847913955344,0.0001315208604465573
47.7379,0.0655,0.06942660017776353,-0.003926600177763528
44.1725,0.0666,0.06576893386998503,0.0008310661300149763
42.684,0.0627,0.06424191409685207,-0.0015419140968520595
51.7285,0.0761,0.07352046991687296,0.0025795300831270435
51.3833,0.0695,0.07316633674543493,-0.0036663367454349283
51.3845,0.0704,0.07316756779933334,-0.002767567799333334
52.691,0.0712,0.07450787773120987,-0.003307877731209871
51.2368,0.0728,0.073016045582006,-0.000216045582005997
47.9154,0.066,0.06960869356690097,-0.0036086935669009668
45.4395,0.0675,0.06706872161103944,0.00043127838896056536
52.6997,0.069,0.07451680287197322,-0.005516802871973217
55.2851,0.0717,0.07716910849606322,-0.005469108496063219
52.3094,0.0708,0.07411640259152055,-0.003316402591520551
53.5637,0.0685,0.07540316167881694,-0.006903161678816938
54.5694,0.0708,0.07643488743349602,-0.005634887433496022
44.6268,0.0733,0.06623499035835206,0.00706500964164794
46.0894,0.0695,0.06773543988484468,0.001764560115155328
49.9761,0.0677,0.07172272087391818,-0.004022720873918181
47.493,0.0634,0.06917536259466626,-0.005775362594666267
49.631,0.0688,0.07136869029030501,-0.0025686902903050146
46.7721,0.0659,0.06843580696520604,-0.0025358069652060417
50.2689,0.0688,0.07202309802512633,-0.0032230980251263253
45.692,0.0631,0.06732775586882651,-0.0042277558688265104
44.2947,0.0673,0.0658942961919715,0.0014057038080284995
49.1381,0.0651,0.07086303490153965,-0.005763034901539649
51.0686,0.0703,0.0728434928605811,-0.002543492860581101
48.7995,0.0668,0.0705156725265428,-0.0037156725265427987
51.458,0.0766,0.07324296985060996,0.003357030149390039
52.6356,0.0744,0.074451044076234,-5.104407623400531e-05
46.9177,0.0694,0.06858517483821118,0.0008148251617888236
46.7257,0.0691,0.06838820621446813,0.000711793785531864
53.2538,0.0719,0.07508524200955667,-0.003185242009556666
53.1964,0.0748,0.07502635659808349,-0.00022635659808348252
52.485,0.073,0.07429654681198555,-0.0012965468119855578
50.9852,0.0699,0.07275793461464271,-0.0028579346146427043
49.4241,0.0698,0.07115643608065692,-0.0013564360806569142
44.565,0.0734,0.06617159108258476,0.007228408917415247
44.6914,0.068,0.0663012620932156,0.0016987379067844033
51.0879,0.0685,0.07286329231078026,-0.0043632923107802535
50.0241,0.0718,0.07177196302985393,2.8036970146069762e-05
49.5123,0.0693,0.07124691854218887,-0.001946918542188869
50.787,0.07,0.07255460554575796,-0.002554605545757954
52.1146,0.0706,0.07391656150868126,-0.0033165615086812594
48.3105,0.0651,0.07001401806294721,-0.004914018062947209
45.9518,0.0654,0.06759427903782883,-0.0021942790378288307
47.5608,0.069,0.06924491713992553,-0.00024491713992552677
49.4699,0.0677,0.07120342130444561,-0.003503421304445614
50.5922,0.0721,0.07235476446291865,-0.0002547644629186524
51.504,0.0725,0.0732901602500484,-0.0007901602500484106
52.5835,0.0681,0.07439759581947873,-0.006297595819478738
45.6518,0.0672,0.06728651556323031,-8.651556323031884e-05
43.0802,0.0658,0.06464836705897184,0.0011516329410281578
49.5289,0.0671,0.07126394812111665,-0.004163948121116645
50.9836,0.0691,0.07275629320944485,-0.0036562932094448553
48.421,0.0695,0.07012737760942434,-0.0006273776094243289
49.2766,0.0709,0.0710051190389793,-0.00010511903897929276
49.5673,0.0687,0.07130334184586526,-0.002603341845865262
47.7818,0.0709,0.06947163623287977,0.0014283637671202304
49.1615,0.075,0.07088704045255834,0.004112959547441661
53.284,0.0793,0.07511622353266625,0.004183776467333741
55.056,0.0774,0.07693407978929481,0.0004659202107051841
56.9943,0.0777,0.07892253959867582,-0.001222539598675812
57.1741,0.077,0.0791069925077852,-0.0021069925077852047
61.6079,0.0831,0.08365553148670152,-0.0005555314867015243
54.2176,0.0796,0.07607398346561683,0.0035260165343831695
53.3781,0.0781,0.07521275867586533,0.002887241324134676
61.173,0.0757,0.08320937703635853,-0.007509377036358525
56.2167,0.0808,0.07812481667251647,0.002675183327483524
59.8801,0.0802,0.0818830190486638,-0.001683019048663803
56.6211,0.0792,0.07853968183627527,0.0006603181637247352
57.6618,0.0796,0.07960731332965752,-7.313329657518408e-06
49.6174,0.0733,0.07135473834612321,0.0019452616538767897
47.9797,0.0729,0.06967465753828991,0.003225342461710093
53.3737,0.0817,0.0752082448115712,0.006491755188428788
53.367,0.0755,0.07520137142730518,0.00029862857269481735
57.5185,0.0766,0.07946030497662429,-0.0028603049766242894
55.7703,0.0785,0.07766686462231388,0.0008331353776861172
54.1621,0.0738,0.07601704722281612,-0.0022170472228161126
43.3166,0.0695,0.06489088467695547,0.0046091153230445325
45.9027,0.0736,0.06754390841581953,0.0060560915841804674
52.5048,0.0708,0.07431685920130905,-0.00351685920130905
47.6846,0.0686,0.06937192086710986,-0.0007719208671098654
52.5369,0.073,0.0743497898930911,-0.001349789893091105
50.9799,0.0685,0.07275249745992479,-0.004252497459924787
51.0031,0.0716,0.07277629783529375,-0.0011762978352937575
45.2395,0.0682,0.06686354596130709,0.0013364540386929108
44.0378,0.0715,0.0656307480698903,0.00586925193010969
50.7628,0.0706,0.07252977929214034,-0.0019297792921403462
51.9576,0.0718,0.07375549862364136,-0.0019554986236413607
48.9379,0.0719,0.07065765407615757,0.001242345923842439
51.6078,0.0708,0.07339664641225949,-0.0025966464122594846
51.2062,0.0724,0.07298465370759695,-0.0005846537075969438
43.8674,0.071,0.06545593841631836,0.005544061583681634
42.916,0.0659,0.06447991785054158,0.001420082149458421
48.8526,0.0713,0.07057014666154673,0.0007298533384532679
49.5017,0.0703,0.07123604423275305,-0.0009360442327530499
50.2788,0.0708,0.07203325421978807,-0.0012332542197880658
50.5935,0.0746,0.07235609810464191,0.002243901895358086
50.6613,0.0743,0.07242565264990117,0.0018743473500988372
44.5189,0.071,0.06612429809532146,0.004875701904678537
43.4514,0.0667,0.06502917306487507,0.0016708269351249222
50.95,0.07,0.07272182370028982,-0.0027218237002898105
51.8636,0.0746,0.07365906606826716,0.0009409339317328347
50.1262,0.0757,0.0718767051990423,0.003823294800957708
49.3492,0.0723,0.07107959779983214,0.0012204022001678638
50.897,0.0752,0.07266745215311074,0.002532547846889263
45.3609,0.0746,0.06698808758069462,0.0076119124193053805
42.6935,0.0648,0.06425165994021437,0.0005483400597856292
49.6901,0.0688,0.07142931969480093,-0.00262931969480093
49.3137,0.0711,0.07104317912200464,5.682087799535607e-05
49.4008,0.0686,0.07113253311746309,-0.0025325331174630983
50.1953,0.0721,0.07194759338602483,0.00015240661397517008
50.1936,0.0722,0.0719458493930021,0.0002541506069979049
43.6373,0.0679,0.06521988383130128,0.002680116168698718
44.522,0.068,0.06612747831789231,0.0018725216821076918
52.6102,0.0721,0.074424986768718,-0.002324986768718007
53.4284,0.0777,0.07526436035177302,0.0024356396482269893
51.537,0.075,0.07332401423225424,0.0016759857677457607
54.504,0.0765,0.07636779499603355,0.00013220500396644852
56.5068,0.0764,0.07842242395245325,-0.0020224239524532506
48.5161,0.0728,0.07022493863087206,0.00257506136912794
49.6596,0.0776,0.07139803040821674,0.006201969591783263
53.6041,0.0799,0.07544460716006288,0.004455392839937122
53.9402,0.0719,0.07578940483943808,-0.0038894048394380737
53.1081,0.0745,0.07493577154872666,-0.0004357715487266628
51.5431,0.0728,0.07333027208957107,-0.0005302720895710711
53.3074,0.0763,0.07514022908368495,0.001159770916315056
49.48,0.0765,0.07121378267475709,0.005286217325242912
46.3977,0.0677,0.06805171814890709,-0.00035171814890709585
47.9,0.0658,0.06959289504187158,-0.00379289504187158
48.3523,0.0691,0.07005689977374127,-0.0009568997737412765
49.0573,0.0733,0.07078014393904777,0.0025198560609522302
49.539,0.0779,0.07127430949142813,0.006625690508571869
50.4555,0.0726,0.0722145269063266,0.00038547309367339966
44.0329,0.0706,0.06562572126647186,0.00497427873352814
47.0577,0.0753,0.06872879779302382,0.006571202206976184
47.7985,0.0718,0.06948876839963242,0.002311231600367586
48.4141,0.0705,0.07012029904950856,0.00037970095049143227
49.6436,0.0731,0.07138161635623816,0.0017183836437618394
49.9052,0.0711,0.07164998610608805,-0.0005499861060880573
50.5982,0.0685,0.07236091973241063,-0.0038609197324106226
46.3413,0.0738,0.06799385861568256,0.00580614138431744
40.9498,0.0691,0.062462836038022926,0.006637163961977069
48.8493,0.0709,0.07056676126332614,0.0003332387366738604
48.8801,0.0735,0.07059835831338493,0.002901641686615067
48.2696,0.0682,0.06997205964257694,-0.0017720596425769425
48.4735,0.0718,0.07018123621747907,0.0016187637825209322
48.6203,0.0719,0.07033183514438263,0.0015681648556173794
41.4722,0.07,0.06299875483512381,0.007001245164876199
43.1264,0.0702,0.06469576263406002,0.005504237365939982
47.256,0.0676,0.06893222944973343,-0.0013322294497334353
47.2861,0.0665,0.06896310838501815,-0.002463108385018148
45.782,0.0716,0.06742008491120607,0.004179915088793923
48.3919,0.0696,0.07009752455238828,-0.0004975245523882871
46.9157,0.0736,0.06858312308171385,0.005016876918286145
43.5372,0.07,0.06511719341861025,0.004882806581389759
42.9841,0.0692,0.06454978015927545,0.004650219840724543
49.0719,0.0709,0.07079512176147824,0.00010487823852176059
45.736,0.0706,0.06737289451176762,0.003227105488232379
47.355,0.0656,0.06903379139635094,-0.0034337913963509298
47.7552,0.0719,0.06944434787146536,0.002455652128534644
47.7933,0.0713,0.06948343383273939,0.0018165661672606137
43.0201,0.066,0.06458671177622727,0.001413288223772735
42.6053,0.0696,0.06416117747868239,0.00543882252131761
45.5375,0.0661,0.06716925767940829,-0.0010692576794082836
46.317,0.0695,0.06796892977424009,0.0015310702257599201
46.9566,0.0704,0.06862508150208413,0.0017749184979158755
48.2343,0.0729,0.06993584614039919,0.0029641538596008182
46.2807,0.0673,0.06793169039381367,-0.0006316903938136664
42.2806,0.0682,0.06382807481134194,0.00437192518865806
40.6509,0.0699,0.06215620102949794,0.007743798970502064
45.8508,0.0687,0.06749066533471398,0.0012093346652860132
45.8534,0.0676,0.06749333261816051,0.00010666738183948143
47.1014,0.0761,0.06877362867249034,0.0073263713275096565
45.272,0.0669,0.06689688700438859,3.112995611412317e-06
46.1731,0.0714,0.06782130589425767,0.003578694105742339
44.3534,0.0693,0.06595451524516793,0.0033454847548320676
40.4618,0.0693,0.061962207452676006,0.007337792547323994
45.0334,0.0655,0.06665211245425791,-0.0011521124542579059
44.6311,0.0719,0.06623940163482131,0.005660598365178696
45.641,0.067,0.06727543607814476,-0.00027543607814475846
45.1817,0.0662,0.06680425019853445,-0.0006042501985344534
46.8311,0.0729,0.06849633378187708,0.004403666218122923
41.3178,0.0699,0.06284035923353043,0.007059640766469574
42.4706,0.0749,0.06402299167858766,0.010877008321412335
44.4319,0.0681,0.06603504668768789,0.002064953312312101
45.5963,0.0678,0.06722957932042958,0.0005704206795704159
46.7598,0.0688,0.06842318866274749,0.00037681133725250837
46.2817,0.0688,0.06793271627206232,0.0008672837279376788
44.2622,0.068,0.06586095514888998,0.0021390448511100224
42.06,0.0642,0.06360176606968716,0.0005982339303128303
39.9039,0.0615,0.06138986997774764,0.00011013002225235963
43.245,0.0683,0.06481743179435129,0.0034825682056487117
44.7093,0.0674,0.06631962531386665,0.0010803746861333535
43.1623,0.0654,0.06473259166318698,0.0006674083368130163
45.7199,0.0683,0.06735637787196418,0.0009436221280358231
46.4899,0.0715,0.0681463041234337,0.0033536958765662955
40.036,0.0604,0.06152538849439585,-0.0011253884943958486
38.6733,0.0647,0.060127424204944525,0.004572575795055468
46.4249,0.0675,0.06807962203727069,-0.0005796220372706884
43.1825,0.0677,0.06475331440380994,0.00294668559619006
45.0322,0.0721,0.06665088140035952,0.005449118599640479
44.4428,0.0659,0.06604622876059829,-0.00014622876059829093
46.0375,0.0717,0.06768219680373913,0.004017803196260869
38.9057,0.0674,0.060365838309933514,0.007034161690066487
39.341,0.0642,0.06081240311157596,0.0033875968884240354
46.1357,0.0708,0.06778293804775772,0.0030170619522422865
46.491,0.0734,0.06814743258950723,0.005252567410492778
46.3932,0.0709,0.06804710169678811,0.0028528983032118926
43.651,0.0672,0.06523393836330796,0.0019660616366920375
45.6692,0.0657,0.06730436584475702,-0.0016043658447570247
39.6243,0.065,0.06110303441942182,0.003896965580578185
41.4442,0.0672,0.06297003024416128,0.004229969755838711
45.0685,0.067,0.06668812078078593,0.00031187921921407846
44.7383,0.0644,0.06634937578307784,-0.0019493757830778419
43.8472,0.0644,0.06543521567569538,-0.0010352156756953806
42.8843,0.0647,0.06444739751005901,0.0002526024899409812
44.5537,0.0654,0.06615999865837488,-0.0007599986583748802
39.5497,0.0615,0.061026503902071656,0.00047349609792834285
38.6328,0.0665,0.06008587613587373,0.006414123864126271
43.2824,0.0637,0.06485579964085125,-0.001155799640851246
43.2103,0.0666,0.06478183381912272,0.0018181661808772814
45.9086,0.0682,0.06754996109748665,0.0006500389025133474
42.7377,0.063,0.0642970037588052,-0.0012970037588052041
44.0457,0.0633,0.06563885250805473,-0.0023388525080547395
37.6861,0.0616,0.05911467719786569,0.0024853228021343154
38.4549,0.0618,0.05990337239543681,0.0018966276045631891
44.4773,0.0681,0.06608162156017713,0.00201837843982286
43.9524,0.0635,0.0655431380674546,-0.0020431380674545974
45.027,0.0621,0.06664554683346648,-0.004545546833466474
44.4116,0.0653,0.06601422135924005,-0.0007142213592400554
43.8105,0.066,0.06539756594396949,0.0006024340560305125
39.4905,0.057,0.06096577190975088,-0.003965771909750879
38.8765,0.0597,0.06033588266507259,-0.0006358826650725846
43.5123,0.0614,0.06509164905021858,-0.0036916490502185775
42.0756,0.0667,0.06361776977036629,0.003082230229633706
43.2284,0.068,0.06480040221542352,0.0031995977845764856
41.6213,0.0637,0.06315171328199926,0.0005482867180007511
45.2543,0.0676,0.06687872895938729,0.0007212710406127032
39.5524,0.0646,0.061029273773343044,0.0035707262266569603
39.6842,0.0643,0.061164484526516655,0.0031355154734833413
40.5008,0.062,0.062002216704373815,-2.216704373815548e-06
41.7064,0.0643,0.06323901552096038,0.0010609844790396145
42.2212,0.0653,0.06376713764337144,0.001532862356628556
42.9584,0.0664,0.06452341508828485,0.0018765849117151484
44.2871,0.064,0.06588649951728168,-0.0018864995172816756
38.1259,0.0597,0.05956585845162711,0.00013414154837289305
40.4753,0.0624,0.06197605680903294,0.0004239431909670577
46.7217,0.0635,0.06838410270147348,-0.004884102701473478
46.465,0.069,0.06812075975504203,0.0008792402449579739
46.2152,0.071,0.06786449536852632,0.003135504631473676
45.5533,0.0668,0.06718546655573714,-0.00038546655573713784
47.2702,0.0686,0.06894679692086444,-0.0003467969208644506
43.9745,0.0677,0.06556580997675002,0.0021341900232499794
42.3204,0.0672,0.06386890476563867,0.003331095234361328
47.303,0.0711,0.06898044572742054,0.0021195542725794547
46.1972,0.0662,0.06784602956005042,-0.0016460295600504299
45.2045,0.066,0.06682764022260393,-0.0008276402226039259
43.0394,0.0669,0.06460651122642644,0.0022934887735735626
42.1792,0.0647,0.06372405075692764,0.0009759492430723576
38.4297,0.0585,0.05987752026357053,-0.0013775202635705266
37.8661,0.0577,0.05929933528262479,-0.001599335282624792
42.6767,0.0638,0.06423442518563684,-0.0004344251856368414
43.2582,0.0657,0.06483097338723363,0.0008690266127663604
43.2476,0.0623,0.06482009907779782,-0.0025200990777978147
43.4625,0.0657,0.06504056031343522,0.000659439686564775
42.2329,0.0592,0.06377914041888078,-0.004579140418880773
37.9662,0.0645,0.05940202569531583,0.005097974304684172
38.6608,0.062,0.06011460072683626,0.0018853992731637376
44.0656,0.0579,0.0656592674852031,-0.007759267485203093
42.2113,0.0638,0.06375698144870967,4.3018551290324725e-05
41.469,0.0604,0.06299547202472809,-0.002595472024728089
43.112,0.0618,0.06468098998727928,-0.0028809899872792796
43.523,0.0627,0.06510262594747926,-0.0024026259474792533
38.625,0.0624,0.06007787428553417,0.002322125714465828
39.859,0.0634,0.061343808044382726,0.0020561919556172717
44.3224,0.0669,0.06592271301945943,0.0009772869805405732
43.8503,0.0633,0.06543839589826622,-0.0021383958982662266
43.3281,0.0637,0.06490268227681509,-0.0012026822768150813
44.1681,0.0643,0.06576442000569094,-0.0014644200056909418
43.741,0.0676,0.0653262674056875,0.0022737325943124886
38.1195,0.063,0.05955929283083567,0.0034407071691643296
40.9765,0.0638,0.06249022698726219,0.001309773012737804
42.1149,0.0613,0.06365808678553869,-0.002358086785538692
45.5881,0.065,0.06722116711879056,-0.002221167118790557
45.8897,0.0715,0.06753057199858693,0.003969428001413061
44.1023,0.0651,0.06569691721692898,-0.0005969172169289771
43.5947,0.0647,0.06517618141790829,-0.0004761814179082974
39.1093,0.0631,0.06057470712136104,0.0025252928786389656
39.5939,0.061,0.0610718477206625,-7.184772066250178e-05
45.4045,0.0649,0.06703281587233627,-0.002132815872336269
44.9584,0.0637,0.06657517158560827,-0.002875171585608266
42.882,0.0647,0.06444503799008709,0.0002549620099129013
44.086,0.0618,0.0656801954014758,-0.003880195401475793
43.8064,0.0635,0.06539335984314998,-0.0018933598431499776
38.2136,0.0625,0.059655827974034736,0.0028441720259652636
38.154,0.0596,0.05959468563041451,5.3143695854934725e-06
42.28,0.0643,0.06382745928439273,0.0004725407156072614
43.9976,0.0626,0.06558950776429409,-0.0029895077642940887
43.3162,0.0619,0.064890474325656,-0.002990474325656009
44.0271,0.0649,0.06561977117262963,-0.0007197711726296269
45.8579,0.0627,0.06749794907027949,-0.004797949070279486
39.7449,0.0597,0.06122675533621043,-0.0015267553362104253
39.832,0.0628,0.06131610933166886,0.001483890668331135
44.7031,0.0642,0.06631326486872494,-0.002113264868724943
44.2924,0.0636,0.06589193667199958,-0.0022919366719995754
43.5707,0.0615,0.06515156033994042,-0.003651560339940421
45.4319,0.0654,0.0670609249363496,-0.0016609249363496031
45.348,0.0658,0.06697485375128688,-0.0011748537512868834
39.3266,0.0587,0.06079763046479523,-0.0020976304647952262
39.5398,0.0655,0.06101634770740991,0.004483652292590096
47.5427,0.0691,0.06922634874362475,-0.00012634874362475734
46.3763,0.0688,0.06802976435438574,0.0007702356456142645
43.7603,0.0683,0.06534606685588668,0.0029539331441133243
46.0332,0.0605,0.06767778552726988,-0.0071777855272698865
45.5445,0.064,0.06717643882714891,-0.0031764388271489086
38.7269,0.0601,0.0601824112790728,-8.24112790727971e-05
41.5137,0.0682,0.06304132878244326,0.00515867121755674
45.1502,0.0659,0.0667719350337016,-0.0008719350337016013
45.5115,0.0651,0.06714258484494307,-0.00204258484494306
45.032,0.0661,0.06665067622470977,-0.0005506762247097646
43.7286,0.0642,0.06531354651540411,-0.0011135465154041152
43.5151,0.0601,0.06509452150931483,-0.004994521509314828
39.2681,0.0653,0.060737616587248515,0.004562383412751482
37.7236,0.0614,0.0591531476321905,0.0022468523678095056
44.4485,0.0637,0.06605207626661568,-0.0023520762666156686
45.3766,0.0706,0.06700419386919862,0.0035958061308013767
45.0692,0.0637,0.06668883889556,-0.002988838895559995
45.8221,0.0646,0.0674612226289774,-0.0028612226289773945
46.4061,0.0655,0.06806033552619585,-0.0025603355261958477
42.6549,0.0626,0.06421206103981601,-0.0016120610398160096
42.3713,0.068,0.06392112196849556,0.004078878031504446
46.965,0.0675,0.06863369887937287,-0.0011336988793728686
44.525,0.0643,0.06613055595263828,-0.0018305559526382853
44.7194,0.0649,0.06632998668417814,-0.001429986684178139
45.7403,0.0648,0.06737730578823686,-0.0025773057882368666
45.058,0.0664,0.066677349059175,-0.0002773490591749944
42.026,0.0617,0.06356688620923268,-0.001866886209232678
40.0313,0.0608,0.061520566866627144,-0.0007205668666271439
46.0964,0.0671,0.06774262103258531,-0.0006426210325853055
44.5682,0.0628,0.06617487389298048,-0.0033748738929804817
49.6955,0.0707,0.0714348594373437,-0.0007348594373437073
47.0729,0.068,0.06874439114240347,-0.000744391142403461
46.7783,0.0642,0.06844216741034774,-0.004242167410347747
41.9872,0.068,0.06352708213318459,0.004472917866815418
44.1006,0.0683,0.06569517322390625,0.0026048267760937494
50.5711,0.0698,0.0723331184318719,-0.0025331184318719002
48.2581,0.0687,0.06996026204271734,-0.0012602620427173417
49.1702,0.068,0.0708959655933217,-0.0028959655933216977
54.9312,0.0783,0.07680605018386183,0.0014939498161381654
52.2354,0.0698,0.07404048760111959,-0.004240487601119586
46.8197,0.0703,0.06848463876984233,0.0018153612301576721
46.9821,0.0712,0.068651241397425,0.002548758602575002
53.8005,0.0709,0.07564608964810005,-0.004746089648100041
52.1622,0.0715,0.07396539331331754,-0.0024653933133175487
55.4044,0.0761,0.07729149577112857,-0.0011914957711285645
55.6943,0.0716,0.07758889787541559,-0.005988897875415594
52.8554,0.0679,0.07467653211528985,-0.006776532115289849
44.0806,0.069,0.06567465565893302,0.003325344341066988
46.6025,0.0727,0.068261818014233,0.004438181985766995
50.1594,0.0738,0.07191076435689786,0.001889235643102144
51.3245,0.0741,0.07310601510441363,0.0009939848955863723
51.1306,0.0712,0.07290709731199813,-0.0017070973119981264
49.758,0.0714,0.07149897682788506,-9.89768278850528e-05
50.6481,0.0772,0.07241211105701884,0.004787888942981169
43.8439,0.0703,0.06543183027747479,0.004868169722525212
43.3012,0.0729,0.06487508615192608,0.008024913848073925
47.7284,0.0686,0.06941685433440123,-0.0008168543344012347
49.4265,0.0654,0.0711588981884537,-0.0057588981884536955
49.288,0.0651,0.07101681405101404,-0.005916814051014033
48.8795,0.0661,0.07059774278643574,-0.004497742786435735
49.6469,0.0694,0.07138500175445874,-0.0019850017544587317
42.5642,0.0658,0.06411901388266239,0.0016809861173376073
40.5089,0.0633,0.06201052631818797,0.0012894736818120228
47.29,0.069,0.06896710931018793,3.289068981207621e-05
49.3252,0.0639,0.07105497672186425,-0.007154976721864256
50.0789,0.0664,0.07182818115788059,-0.005428181157880588
48.2415,0.0698,0.06994323246378956,-0.00014323246378955545
50.6627,0.0729,0.0724270888794493,0.00047291112055070084
42.2137,0.0674,0.06375944355650648,0.003640556443493523
43.2539,0.0682,0.06482656211076439,0.0033734378892356087
47.4059,0.0674,0.06908600859920783,-0.001686008599207825
51.0102,0.0728,0.07278358157085925,1.6418429140754864e-05
49.383,0.0723,0.07111427248463692,0.001185727515363083
48.4335,0.0688,0.0701402010875326,-0.0013402010875326054
47.801,0.0676,0.06949133309525407,-0.0018913330952540774
52.8748,0.0785,0.0746964341533139,0.003803565846686105
51.7059,0.0816,0.07349728506845321,0.008102714931546795
60.4434,0.0805,0.08246089626613495,-0.001960896266134951
57.3659,0.0803,0.07930375595587852,0.0009962440441214776
56.0054,0.0803,0.07790804859857425,0.002391951401425743
57.6343,0.0771,0.07957910167781933,-0.002479101677819326
53.919,0.0736,0.07576765622056644,-0.002167656220566444
47.9753,0.0704,0.06967014367399581,0.0007298563260041968
48.4766,0.0712,0.07018441644004993,0.0010155835599500729
54.2165,0.0707,0.0760728549995433,-0.005372854999543306
53.3184,0.0689,0.07515151374442022,-0.00625151374442022
57.9537,0.0792,0.07990676719044187,-0.0007067671904418676
59.0013,0.0778,0.08098147724373989,-0.0031814772437398914
59.8782,0.0796,0.08188106987999134,-0.0022810698799913404
50.1366,0.0728,0.07188737433282838,0.0009126256671716237
44.1015,0.0664,0.06569609651433006,0.0007039034856699405
51.45,0.0724,0.07323476282462069,-0.0008347628246206801
51.4997,0.0694,0.07328574897357916,-0.003885748973579156
52.56,0.073,0.07437348768063518,-0.0013734876806351798
51.2974,0.0746,0.0730782138038749,0.0015217861961250995
50.8891,0.0734,0.07265934771494631,0.0007406522850536973
45.5317,0.0744,0.06716330758556605,0.007236692414433948
47.6132,0.0703,0.0692986731601554,0.0010013268398446074
53.139,0.072,0.07496747118661032,-0.0029674711866103237
50.2565,0.0693,0.07201037713484292,-0.0027103771348429145
51.505,0.0731,0.07329118612829708,-0.00019118612829707726
51.6374,0.0703,0.07342701240841988,-0.0031270124084198797
50.2602,0.068,0.07201417288436296,-0.004014172884362954
45.5489,0.073,0.06718095269144303,0.0058190473085569655
45.4226,0.0713,0.06705138426863705,0.0042486157313629536
50.1127,0.0704,0.07186285584268536,-0.001462855842685351
50.5283,0.0702,0.07228921084282917,-0.0020892108428291756
48.9567,0.0711,0.07067694058723242,0.00042305941276757353
53.4113,0.0682,0.07524681783372089,-0.007046817833720895
50.8947,0.0698,0.07266509263313882,-0.002865092633138819
45.3384,0.0651,0.06696500532009973,-0.0018650053200997274
44.3637,0.0691,0.06596508179112916,0.0031349182088708377
50.103,0.0695,0.07185290482367335,-0.0023529048236733408
51.9178,0.0738,0.07371466866934462,8.5331330655386e-05
49.456,0.0674,0.07118916159678922,-0.0037891615967892145
51.2485,0.0712,0.07302804835751533,-0.0018280483575153356
50.6389,0.0692,0.07240267297713116,-0.0032026729771311574
41.9641,0.064,0.06350338434564051,0.0004966156543594891
47.9652,0.073,0.06965978230368433,0.0033402176963156643
49.9736,0.071,0.07172015617829652,-0.0007201561782965299
51.8863,0.0789,0.07368235350451177,0.005217646495488226
52.9378,0.0754,0.07476106448297958,0.0006389355170204197
52.0149,0.0771,0.07381428144728967,0.003285718552710329
49.5526,0.0737,0.07128826143560993,0.002411738564390073
48.5466,0.0749,0.07025622791745625,0.00464377208254374
45.5239,0.0747,0.06715530573522648,0.007544694264773527
50.9442,0.0748,0.07271587360644757,0.0020841263935524323
49.0323,0.07,0.07075449698283123,-0.0007544969828312265
50.8599,0.068,0.0726293920700854,-0.004629392070085392
50.4901,0.0696,0.07225002229373029,-0.002650022293730292
50.5843,0.0675,0.07234666002475423,-0.004846660024754229
45.9516,0.069,0.0675940738621791,0.0014059261378209092
44.4684,0.0663,0.06607249124376405,0.00022750875623595013
48.9285,0.0697,0.07064801082062017,-0.0009480108206201682
51.6354,0.0697,0.07342496065192256,-0.003724960651922557
53.3048,0.0721,0.07513756180023842,-0.0030375618002384253
54.0168,0.0763,0.07586798711328557,0.0004320128867144335
52.717,0.0756,0.07453455056567507,0.0010654494343249332
47.2851,0.0773,0.0689620825067695,0.008337917493230498
46.2927,0.0722,0.06794400093279761,0.004255999067202393
53.3579,0.073,0.07519203593524236,-0.0021920359352423646
49.7284,0.0705,0.07146861083172466,-0.00096861083172467
49.0808,0.0695,0.07080425207789134,-0.001304252077891338
51.2813,0.0657,0.07306169716407145,-0.007361697164071451
49.4499,0.0712,0.07118290373947238,1.7096260527621476e-05
46.6224,0.0712,0.06828223299138136,0.0029177670086186352
45.2019,0.0712,0.0668249729391574,0.004375027060842598
49.3994,0.0682,0.07113109688791497,-0.002931096887914972
49.8831,0.0745,0.07162731419679264,0.0028726858032073616
50.3478,0.0749,0.07210403981894573,0.002795960181054269
51.3408,0.0721,0.07312273691986682,-0.001022736919866818
49.667,0.0682,0.07140562190725683,-0.003205621907256831
42.6679,0.0661,0.06422539745704862,0.0018746025429513813
43.5779,0.068,0.06515894666333077,0.0028410533366692303
51.642,0.0719,0.07343173144836374,-0.0015317314483637295
53.0633,0.076,0.07488981220318662,0.0011101877968133778
54.211,0.0754,0.07606721266917567,-0.0006672126691756736
53.271,0.0785,0.07510288711543366,0.0033971128845663445
54.1931,0.0766,0.07604884944852464,0.0005511505514753656
48.0774,0.0734,0.06977488584318417,0.003625114156815837
47.2041,0.0727,0.06887898636862788,0.0038210136313721194
52.9058,0.076,0.0747282363790224,0.0012717636209775979
48.6754,0.0711,0.07038836103588389,0.0007116389641161069
49.8275,0.069,0.07157027536616703,-0.002570275366167024
49.851,0.0724,0.07159438350501059,0.0008056164949894196
48.74,0.0679,0.07045463277074743,-0.0025546327707474253
42.8695,0.0674,0.06443221451197882,0.0029677854880211796
42.8935,0.0685,0.0644568355899467,0.004043164410053299
48.805,0.0778,0.07052131485691043,0.007278685143089561
50.0252,0.0733,0.07177309149592745,0.001526908504072555
49.8359,0.069,0.0715788927434558,-0.0025788927434557962
51.4349,0.0748,0.07321927206306589,0.0015807279369341176
49.073,0.0658,0.07079625022755177,-0.004996250227551777
45.4495,0.0717,0.06707898039352606,0.0046210196064739445
45.2193,0.0667,0.06684282322068412,-0.000142823220684124
47.67,0.0696,0.06935694304467939,0.00024305695532060578
50.4228,0.0697,0.07218098068759536,-0.0024809806875953633
50.8028,0.0715,0.07257081442208681,-0.0010708144220868132
47.5035,0.0703,0.06918613431627721,0.0011138656837227923
48.5773,0.0713,0.07028772237969017,0.0010122776203098371
45.8181,0.0716,0.06745711911598276,0.004142880884017236
42.4404,0.0675,0.06399201015547808,0.0035079898445219276
49.1893,0.0724,0.07091555986787114,0.001484440132128867
47.5604,0.0688,0.06924450678862606,-0.0004445067886260645
48.4615,0.0716,0.07016892567849514,0.001431074321504855
48.9072,0.0685,0.07062615961392366,-0.0021261596139236505
48.229,0.0727,0.06993040898568129,0.0027695910143187147
42.9259,0.0696,0.06449007404520335,0.005109925954796646
43.4411,0.0669,0.06501860651891386,0.0018813934810861382
47.5304,0.0673,0.06921373044116622,-0.001913730441166217
49.4557,0.0695,0.07118885383331461,-0.001688853833314602
46.4819,0.0697,0.06813809709744441,0.0015619029025555897
46.9711,0.0699,0.06863995673668971,0.0012600432633102926
47.4298,0.0699,0.06911052708935084,0.0007894729106491666
40.3306,0.0632,0.06182761222645159,0.0013723877735484155
41.2727,0.0665,0.0627940921245158,0.0037059078754842073
47.1883,0.071,0.06886277749229903,0.002137222507700959
47.2149,0.073,0.06889006585371343,0.004109934146286562
50.391,0.0772,0.0721483577592879,0.005051642240712098
49.3974,0.0718,0.07112904513141763,0.0006709548685823741
50.243,0.0758,0.07199652777848597,0.0038034722215140315
44.3967,0.0721,0.06599893577333499,0.0061010642266650095
45.4525,0.0751,0.06708205802827202,0.008017941971727977
48.4031,0.075,0.07010901438877329,0.004890985611226709
48.3273,0.0743,0.07003125281752473,0.004268747182475274
50.8597,0.0748,0.07262918689443565,0.0021708131055643565
46.2414,0.0603,0.06789137337864126,-0.007591373378641263
47.3521,0.0663,0.06903081634942983,-0.0027308163494298293
39.7558,0.0641,0.06123793740912084,0.0028620625908791636
42.5784,0.0673,0.0641335813537934,0.0031664186462065924
47.7631,0.0706,0.06945245230962979,0.0011475476903702042
47.1069,0.067,0.06877927100285798,-0.0017792710028579767
47.0065,0.0696,0.06867627282669234,0.0009237271733076591
46.394,0.0743,0.06804792239938703,0.006252077600612971
47.9977,0.0685,0.06969312334676583,-0.0011931233467658287
44.1416,0.0735,0.06573723423210139,0.007762765767898611
41.4168,0.071,0.06294192118014795,0.008058078819852044
47.1546,0.067,0.06882820539531914,-0.001828205395319138
48.4817,0.0689,0.0701896484191181,-0.0012896484191180918
48.1011,0.0669,0.06979919915767746,-0.0028991991576774595
48.4433,0.0672,0.0701502546943695,-0.0029502546943695057
48.8886,0.0704,0.07060707827849855,-0.0002070782784985431
42.8583,0.0682,0.06442072467559382,0.003779275324406181
42.4025,0.0659,0.06395312936985381,0.0019468706301461886
48.3991,0.0718,0.07010491087577864,0.0016950891242213662
45.7601,0.0662,0.06739761817756038,-0.0011976181775603806
45.8352,0.0658,0.06747466163403487,-0.0016746616340348741
48.1956,0.0707,0.06989614465217599,0.0008038553478240118
46.9174,0.072,0.06858486707473657,0.0034151329252634227
40.3994,0.0631,0.061898192649959514,0.0012018073500404888
39.8087,0.0624,0.061292206368475044,0.0011077936315249531
44.4445,0.067,0.06604797275362102,0.0009520272463789808
46.4785,0.0689,0.06813460911139896,0.0007653908886010446
44.9769,0.0707,0.06659415033320852,0.004105849666791478
45.3396,0.0609,0.06696623637399812,-0.00606623637399812
45.6971,0.0675,0.06733298784789468,0.0001670121521053225
40.876,0.0691,0.06238712622327169,0.006712873776728308
42.2302,0.0645,0.06377637054760939,0.0007236294523906145
44.1929,0.0626,0.06578986178625773,-0.0031898617862577278
44.7915,0.0704,0.06640395250590664,0.003996047494093366
45.1224,0.0724,0.0667434156183888,0.005656584381611207
47.9741,0.0675,0.06966891262009742,-0.002168912620097413
43.7014,0.0679,0.06528564262704051,0.0026143573729594943
45.2628,0.0748,0.06688744892450091,0.007912551075499097
43.6142,0.0714,0.0651961860437572,0.00620381395624281
46.844,0.0707,0.06850956761128482,0.002190432388715177
47.5388,0.0721,0.06922234781845497,0.0028776521815450234
50.3152,0.0735,0.07207059618803935,0.0014294038119606473
48.0688,0.0758,0.06976606329024568,0.006033936709754328
48.9072,0.0739,0.07062615961392366,0.0032738403860763376
41.6909,0.0687,0.06322311440810613,0.005476885591893868
44.4261,0.0681,0.06602909659384565,0.002070903406154345
46.6515,0.0721,0.06831208604841743,0.0037879139515825666
48.8877,0.0696,0.07060615498807477,-0.00100615498807477
48.2691,0.0729,0.06997154670345263,0.0029284532965473814
46.128,0.0719,0.06777503878524302,0.004124961214756986
48.6407,0.0728,0.07035276306065533,0.002447236939344677
44.9653,0.0679,0.06658225014552405,0.0013177498544759553
38.905,0.0646,0.06036512019515945,0.004234879804840552
43.7267,0.0656,0.06531159734673164,0.0002884026532683631
44.8822,0.0714,0.06649699966306025,0.0049030003369397585
42.9457,0.0663,0.06451038643452685,0.0017896135654731499
44.7572,0.0626,0.06636876488197754,-0.0037687648819775404
45.3476,0.0675,0.06697444339998743,0.0005255566000125778
38.8812,0.0654,0.0603407042928413,0.005059295707158698
40.1888,0.0693,0.06168214269079136,0.0076178573092086435
48.013,0.0703,0.06970881928397035,0.0005911807160296489
47.9696,0.071,0.06966429616797844,0.0013357038320215564
47.0637,0.071,0.06873495306251579,0.002265046937484208
47.7587,0.0699,0.06944793844533567,0.00045206155466433195
43.9177,0.0663,0.06550754009222604,0.0007924599077739625
39.2652,0.0595,0.0607346415403274,-0.0012346415403274025
40.2092,0.0633,0.061703070607064064,0.0015969293929359307
45.0326,0.0656,0.06665129175165899,-0.001051291751658981
43.7065,0.0682,0.06529087460610868,0.002909125393891321
44.3924,0.0668,0.06599452449686574,0.0008054755031342564
46.317,0.0677,0.06796892977424009,-0.0002689297742400898
47.9938,0.0704,0.06968912242159606,0.0007108775784039484
42.7735,0.0645,0.0643337302001073,0.0001662697998927043
42.9194,0.07,0.06448340583658704,0.005516594163412963
45.5046,0.0708,0.06713550628502732,0.003664493714972683
45.8269,0.0703,0.06746614684457097,0.002833853155429028
47.8513,0.0686,0.06954293477116176,-0.0009429347711617658
50.7099,0.0728,0.07247551033278612,0.0003244896672138786
49.2955,0.0681,0.071024508137879,-0.002924508137879006
44.1572,0.0685,0.06575323793278051,0.0027467620672194937
41.9343,0.0657,0.06347281317383038,0.002227186826169611
49.1402,0.0664,0.07086518924586184,-0.004465189245861839
43.9336,0.0662,0.06552385155637974,0.0006761484436202531
44.481,0.0647,0.06608541730969718,-0.0013854173096971845
42.8754,0.0647,0.06443826719364593,0.0002617328063540675
44.9539,0.064,0.0665705551334893,-0.002570555133489305
39.0783,0.0668,0.060542904895652526,0.006257095104347472
39.1927,0.0648,0.060660265367299425,0.004139734632700572
43.8281,0.0668,0.06541562140114594,0.0013843785988540552
43.7303,0.0677,0.06531529050842683,0.00238470949157317
44.5744,0.0685,0.06618123433812217,0.0023187656618778307
44.7447,0.0698,0.06635594140386927,0.003444058596130728
43.4333,0.0651,0.0650106046685743,8.939533142569844e-05
38.7964,0.0667,0.060253709817354784,0.006446290182645212
38.1221,0.0595,0.05956196011428219,-6.196011428219461e-05
48.3593,0.0671,0.0700640809214819,-0.0029640809214818986
47.2763,0.0698,0.06895305477818127,0.0008469452218187318
44.738,0.0666,0.06634906801960325,0.0002509319803967597
48.3564,0.072,0.0700611058745608,0.0019388941254391973
51.5908,0.0737,0.07337920648203225,0.0003207935179677518
44.9457,0.0697,0.06656214293185028,0.003137857068149716
45.1974,0.0697,0.06682035648703843,0.0028796435129615633
46.4686,0.0699,0.0681244529167372,0.0017755470832628018
48.1235,0.067,0.06982217883044747,-0.0028221788304474693
48.8611,0.0693,0.07057886662666035,-0.0012788666266603521
42.689,0.0637,0.06424704348809537,-0.0005470434880953667
43.3745,0.0647,0.06495028302755299,-0.0002502830275529916
38.3099,0.0651,0.05975462004938086,0.005345379950619143
39.068,0.0664,0.06053233834969131,0.005867661650308692
43.6477,0.0631,0.06523055296508737,-0.002130552965087365
45.1802,0.0673,0.06680271138116145,0.0004972886188385484
46.6259,0.0705,0.0682858235652517,0.002214176434748291
45.7178,0.0708,0.06735422352764198,0.0034457764723580253
47.0713,0.0705,0.06874274973720562,0.0017572502627943715
41.4334,0.0689,0.06295895075907573,0.0059410492409242704
45.074,0.0688,0.06669376311115358,0.0021062368888464245
42.1694,0.0629,0.06371399715009075,-0.0008139971500907561
46.1761,0.0685,0.06782438352900365,0.0006756164709963569
45.9382,0.0685,0.06758032709364703,0.0009196729063529752
47.6963,0.0716,0.0693839236426192,0.002216076357380803
49.4739,0.0723,0.07120752481744025,0.0010924751825597545
43.6057,0.0694,0.06518746607864358,0.004212533921356426
42.8414,0.0708,0.06440338733319143,0.0063966126668085765
48.5318,0.0684,0.07024104491937605,-0.0018410449193760475
46.3859,0.0713,0.06803961278557288,0.0032603872144271184
43.9916,0.0666,0.06558335249480213,0.001016647505197879
46.9075,0.0676,0.06857471088007483,-0.0009747108800748361
48.4988,0.0743,0.07020719093717022,0.004092809062829786
43.3768,0.074,0.06495264254752492,0.009047357452475077
38.8224,0.0617,0.060280382651819994,0.0014196173481800037
44.2964,0.0643,0.06589604018499423,-0.0015960401849942352
45.7427,0.071,0.06737976789603367,0.0036202321039663227
48.7214,0.0697,0.07043555143532232,-0.0007355514353223208
47.2132,0.0678,0.06888832186069072,-0.0010883218606907163
47.8616,0.0694,0.06955350131712298,-0.00015350131712298098
42.6522,0.0662,0.06420929116854462,0.0019907088314553706
41.1547,0.0664,0.0626730384911737,0.0037269615088263014
44.6269,0.0685,0.06623509294617691,0.0022649070538230953
44.6056,0.0658,0.06621324173948043,-0.00041324173948042997
46.1155,0.0658,0.06776221530713475,-0.0019622153071347515
44.2597,0.0645,0.06585839045326834,-0.0013583904532683405
46.1219,0.0715,0.06776878092792618,0.003731219072073813
39.2857,0.0655,0.06075567204442496,0.004744327955575042
39.8872,0.0672,0.06137273781099498,0.005827262189005013
45.9065,0.0719,0.06754780675316446,0.004352193246835542
46.1371,0.0692,0.06778437427730584,0.0014156257226941582
45.9374,0.0683,0.0675795063910481,0.0007204936089519054
45.6386,0.0701,0.06727297397034798,0.0028270260296520133
46.0895,0.0695,0.06773554247266955,0.0017644575273304541
41.1908,0.0649,0.0627100726959504,0.0021899273040495992
39.3363,0.0625,0.06080758148380725,0.0016924185161927494
43.8051,0.0654,0.06539202620142673,7.973798573271407e-06
43.3948,0.06,0.06497110835600081,-0.004971108356000814
46.7885,0.0658,0.06845263136848409,-0.002652631368484093
46.2085,0.0645,0.06785762198426029,-0.0033576219842602895
44.7062,0.0634,0.0663164450912958,-0.002916445091295808
43.1306,0.0659,0.06470007132270439,0.0011999286772956114
43.1007,0.0633,0.06466939756306941,-0.0013693975630694188
49.1397,0.0664,0.07086467630673751,-0.004464676306737511
50.4314,0.0675,0.07218980324053384,-0.004689803240533835
48.4519,0.0717,0.070159077247308,0.001540922752692006
48.8683,0.0678,0.07058625295005072,-0.0027862529500507216
50.5779,0.067,0.07234009440396279,-0.0053400944039627835
43.4092,0.0627,0.06498588100278155,-0.0022858810027815424
43.3426,0.0677,0.06491755751142067,0.002782442488579326
48.4013,0.0695,0.0701071678079257,-0.0006071678079256904
49.0844,0.0753,0.07080794523958653,0.0044920547604134775
50.2671,0.0726,0.07202125144427873,0.0005787485557212646
50.4236,0.0708,0.07218180139019428,-0.0013818013901942816
44.6763,0.0621,0.0662857713316608,-0.004185771331660801
41.4136,0.0711,0.06293863836975223,0.008161361630247763
41.4109,0.0662,0.06293586849848085,0.003264131501519149
46.7298,0.0654,0.06839241231528764,-0.002992412315287643
46.8853,0.0675,0.06855193638295454,-0.0010519363829545325
46.8616,0.0692,0.06852762306846126,0.0006723769315387373
46.1556,0.0669,0.06780335302490609,-0.0009033530249060867
45.0811,0.0657,0.06670104684671907,-0.0010010468467190753
41.6915,0.0681,0.06322372993505532,0.004876270064944677
40.7529,0.065,0.06226084061086143,0.0027391593891385735
46.1692,0.0653,0.06781730496908789,-0.0025173049690878913
46.7186,0.0676,0.06838092247890264,-0.0007809224789026431
46.9858,0.069,0.06865503714694504,0.0003449628530549642
46.155,0.0641,0.0678027374979569,-0.0037027374979568956
46.7371,0.0652,0.06839990122650287,-0.003199901226502877
44.3305,0.0633,0.06593102263327358,-0.002631022633273583
45.6348,0.0682,0.06726907563300306,0.0009309243669969325
48.671,0.0681,0.07038384717158977,-0.0022838471715897757
52.2229,0.0716,0.07402766412301132,-0.0024276641230113194
51.4909,0.0747,0.07327672124499093,0.0014232787550090692
48.7096,0.0636,0.07042344607198811,-0.006823446071988107
49.2764,0.0688,0.07100491386332958,-0.0022049138633295773
41.755,0.0637,0.06328887320384534,0.00041112679615466774
42.2865,0.0668,0.06383412749300904,0.0029658725069909575
46.0153,0.0654,0.06765942230661885,-0.0022594223066188523
49.0255,0.0675,0.07074752101074035,-0.0032475210107403424
46.6543,0.0697,0.06831495850751368,0.0013850414924863191
47.6288,0.0674,0.06931467686083452,-0.0019146768608345188
48.8424,0.0728,0.07055968270341038,0.0022403172965896195
42.8655,0.0656,0.06442811099898417,0.0011718890010158356
44.661,0.0681,0.06627007539445628,0.001829924605543709
51.7971,0.0689,0.07359084516473116,-0.004690845164731158
49.1864,0.0725,0.07091258482095,0.0015874151790499919
51.0148,0.0702,0.0727883006108031,-0.0025883006108031043
50.8487,0.0739,0.07261790223370038,0.001282097766299617
51.7901,0.071,0.07358366401699053,-0.0025836640169905334
47.0437,0.0699,0.06871443549754255,0.0011855645024574507
45.1318,0.0699,0.06675305887392621,0.0031469411260737906
50.6434,0.0724,0.07240728942925014,-7.289429250129098e-06
51.6407,0.0748,0.07343039780664046,0.0013696021933595481
51.6955,0.0703,0.07348661593466713,-0.0031866159346671252
51.2974,0.0731,0.0730782138038749,2.1786196125098134e-05
49.5829,0.0717,0.07131934554654439,0.00038065445345561444
45.3127,0.068,0.06693864024910912,0.001061359750890889
45.3514,0.0706,0.06697834173733233,0.0036216582626676652
50.5016,0.0765,0.0722618198935899,0.004238180106410097
49.9647,0.068,0.07171102586188344,-0.0037110258618834324
49.8042,0.0745,0.07154637240297322,0.0029536275970267756
48.1273,0.0698,0.06982607716779239,-2.6077167792390443e-05
47.1134,0.0686,0.06878593921147427,-0.0001859392114742786
43.89,0.0696,0.06547912326473809,0.0041208767352619025
42.5863,0.0649,0.06414168579195782,0.0007583142080421768
52.2512,0.0723,0.07405669647744845,-0.001756696477448444
51.9286,0.0732,0.07372574815443017,-0.0005257481544301695
52.4126,0.0723,0.07422227322678243,-0.0019222732267824283
49.6323,0.0671,0.07137002393202826,-0.004270023932028258
46.7013,0.067,0.06836317478520079,-0.001363174785200788
43.2085,0.0655,0.06477998723827515,0.0007200127617248558
46.9145,0.0712,0.06858189202781545,0.0026181079721845496
50.246,0.0685,0.07199960541323197,-0.0034996054132319654
51.755,0.0702,0.0735476556904625,-0.0033476556904624977
49.0894,0.0693,0.07081307463082982,-0.001513074630829822
50.9082,0.0726,0.07267894198949576,-7.894198949576214e-05
50.3734,0.0733,0.07213030230211147,0.001169697697888536
44.9014,0.0681,0.06651669652543457,0.0015833034745654229
45.4604,0.071,0.06709016246643645,0.00390983753356354
48.7696,0.0654,0.07048499876690781,-0.005084998766907808
50.5572,0.0699,0.07231885872421549,-0.002418858724215489
50.7307,0.0727,0.0724968486003583,0.00020315139964170725
50.0505,0.0692,0.07179904621561861,-0.002599046215618614
52.4481,0.0749,0.07425869190460993,0.0006413080953900641
43.5173,0.0674,0.06509677844146189,0.0023032215585381127
45.443,0.075,0.06707231218490975,0.007927687815090248
50.5522,0.0731,0.07231372933297218,0.0007862706670278136
49.6337,0.0725,0.07137146016157639,0.0011285398384236062
51.4525,0.0724,0.07323732752024233,-0.0008373275202423203
49.3067,0.0694,0.07103599797426402,-0.0016359979742640168
50.5213,0.0716,0.07228202969508854,-0.0006820296950885429
45.5717,0.0671,0.06720434271551251,-0.00010434271551250374
46.4734,0.0722,0.06812937713233078,0.004070622867669224
50.6125,0.0685,0.07237558979136649,-0.003875589791366485
51.2175,0.0732,0.07299624613180683,0.0002037538681931711
52.4602,0.0741,0.07427110503141873,-0.00017110503141873346
50.5677,0.0731,0.07232963044582644,0.0007703695541735611
50.3152,0.0712,0.07207059618803935,-0.0008705961880393492
51.8269,0.0755,0.07362141633654128,0.0018785836634587216
48.7765,0.0737,0.07049207732682358,0.0032079226731764193
51.6626,0.0713,0.07345286454028616,-0.0021528645402861535
52.9821,0.076,0.0748065108893953,0.001193489110604698
56.1195,0.0742,0.07802510130674656,-0.003825101306746556
53.7597,0.0766,0.07560423381555464,0.000995766184445357
55.582,0.0798,0.07747369174809088,0.0023263082519091177
49.6809,0.0689,0.07141988161491324,-0.002519881614913233
50.6193,0.0838,0.07238256576345739,0.011417434236542609
54.7843,0.0736,0.07665534866913343,-0.0030553486691334286
52.4539,0.0725,0.07426464199845217,-0.0017646419984521794
53.2641,0.0771,0.0750958085555179,0.0020041914444821063
51.0089,0.0727,0.07278224792913598,-8.2247929135984e-05
50.1847,0.073,0.071936719076589,0.0010632809234110002
46.1491,0.0676,0.06779668481628978,-0.0001966848162897883
45.0228,0.0654,0.06664123814482209,-0.0012412381448220905
50.582,0.0709,0.0723443005047823,-0.0014443005047822949
50.6645,0.0712,0.07242893546029688,-0.0012289354602968844
51.5751,0.075,0.07336310019352826,0.0016368998064717338
50.0576,0.0677,0.0718063299511841,-0.0041063299511841095
49.7882,0.0694,0.07152995835099464,-0.0021299583509946374
45.1108,0.0704,0.06673151543070432,0.0036684845692956797
47.4447,0.0706,0.0691258126752559,0.0014741873247440945
52.2729,0.0716,0.0740789580354444,-0.0024789580354444007
49.966,0.0732,0.07171235950360669,0.0014876404963933137
54.854,0.0757,0.07672685238306515,-0.0010268523830651438
56.55,0.0739,0.07846674189279543,-0.004566741892795434
57.1311,0.0771,0.07906287974309276,-0.0019628797430927547
52.9426,0.0765,0.07476598869857315,0.0017340113014268493
52.0656,0.074,0.07386629347449683,0.00013370652550316608
57.4587,0.075,0.07939895745735433,-0.00439895745735433
56.0666,0.0779,0.07797083234739235,-7.083234739235778e-05
51.5058,0.0734,0.073292006830896,0.00010799316910400925
55.6322,0.0804,0.07752519083617371,0.002874809163826292
55.3466,0.0784,0.07723220000835593,0.0011677999916440696
53.4826,0.0815,0.07531996295285048,0.00618003704714952
47.6769,0.078,0.06936402160459515,0.00863597839540485
54.8964,0.0803,0.07677034962080842,0.003529650379191576
57.2985,0.0776,0.07923461176191872,-0.0016346117619187167
52.3142,0.0764,0.07412132680711413,0.002278673192885869
50.8926,0.0683,0.07266293828881663,-0.004362938288816634
51.9509,0.0723,0.07374862523937532,-0.0014486252393753202
46.4972,0.0748,0.06815379303464893,0.006646206965351079
45.9348,0.07,0.06757683910760158,0.0024231608923984266
52.3348,0.0689,0.07414245989903656,-0.005242459899036558
52.1611,0.0733,0.07396426484724403,-0.0006642648472440227
50.7085,0.0709,0.07247407410323801,-0.0015740741032380101
49.6001,0.0674,0.07133699065242136,-0.003936990652421354
51.5814,0.0742,0.07336956322649482,0.0008304367735051804
42.9698,0.0703,0.06453511010031959,0.005764889899680409
46.3874,0.0693,0.06804115160294587,0.0012588483970541325
52.3767,0.0705,0.07418544419765549,-0.003685444197655499
51.2395,0.0713,0.07301881545327737,-0.0017188154532773725
49.7153,0.0721,0.07145517182666719,0.0006448281733328065
51.9981,0.0702,0.07379704669271217,-0.003597046692712172
49.2407,0.0721,0.07096829000985234,0.001131709990147653
46.7358,0.0717,0.06839856758477961,0.0033014324152203928
44.2468,0.0693,0.0658451566238606,0.0034548433761393965
49.4549,0.0712,0.07118803313071569,1.1966869284313342e-05
52.7136,0.0713,0.07453106257962962,-0.003231062579629615
52.2569,0.0728,0.07406254398346582,-0.0012625439834658136
48.5916,0.0692,0.07030239243864603,-0.0011023924386460299
50.7183,0.0763,0.0724841277100749,0.0038158722899251096
45.9762,0.0653,0.06761931046709617,-0.0023193104670961723
43.2286,0.0676,0.06480060739107324,0.002799392608926754
51.103,0.0736,0.07287878307233506,0.0007212169276649416
50.3094,0.0715,0.07206464609419712,-0.0005646460941971243
50.9348,0.0704,0.07270623035091016,-0.0023062303509101545
49.9403,0.0726,0.07168599443261608,0.0009140055673839131
50.4762,0.0715,0.07223576258607389,-0.0007357625860738987
43.968,0.068,0.06555914176813371,0.002440858231866294
45.5503,0.0721,0.06718238892099115,0.004917611079008843
53.0894,0.0754,0.07491658762547669,0.00048341237452330377
53.1902,0.0735,0.07501999615294179,-0.0015199961529417938
53.3708,0.0758,0.0752052697646501,0.0005947302353499079
54.8105,0.0787,0.07668222667924837,0.002017773320751634
53.43,0.0783,0.07526600175697087,0.0030339982430291207
48.5732,0.0731,0.07028351627887064,0.002816483721129359
47.9161,0.0795,0.06960941168167503,0.00989058831832497
52.7663,0.0768,0.07458512636333409,0.0022148736366659066
53.4062,0.0743,0.07524158585465272,-0.0009415858546527184
55.2036,0.0747,0.07708549941879729,-0.0023854994187972878
48.9221,0.0718,0.07064144519982872,0.0011585548001712825
49.4007,0.0716,0.07113243052963822,0.0004675694703617783
45.1576,0.0694,0.06677952653274169,0.0026204734672583135
45.2035,0.0693,0.06682661434435527,0.0024733856556447276
48.6531,0.074,0.07036548395093872,0.0036345160490612732
49.2595,0.0733,0.07098757652092719,0.002312423479072817
49.2352,0.075,0.07096264767948471,0.004037352320515289
49.7618,0.0705,0.07150287516522996,-0.0010028751652299689
49.0168,0.0698,0.070738595869977,-0.0009385958699769936
45.8555,0.0722,0.0674954869624827,0.004704513037517302
44.5316,0.0665,0.06613732674907946,0.00036267325092054215
49.4404,0.0733,0.07117315789611009,0.0021268421038899143
48.935,0.0686,0.07065467902923646,-0.002054679029236464
48.7674,0.0717,0.07048274183476075,0.0012172581652392517
48.7313,0.0679,0.07044570762998406,-0.002545707629984059
48.3837,0.0669,0.07008911235074924,-0.003189112350749243
43.2696,0.0691,0.06484266839926836,0.004257331600731634
43.6448,0.0709,0.06522757791816625,0.005672422081833758
47.3775,0.0735,0.06905687365694584,0.00444312634305416
47.733,0.0755,0.06942157337434507,0.0060784266256549285
48.6463,0.0686,0.07035850797884782,-0.0017585079788478286
49.1892,0.0718,0.07091545728004627,0.0008845427199537376
49.4293,0.0706,0.07116177064754994,-0.0005617706475499473
42.8109,0.0694,0.06437209804660723,0.005027901953392769
43.6549,0.0664,0.06523793928847774,0.0011620607115222642
46.4678,0.0693,0.06812363221413828,0.0011763677858617205
49.1018,0.0739,0.07082579552111323,0.0030742044788867606
48.7872,0.0683,0.07050305422408426,-0.002203054224084261
48.058,0.0732,0.06975498380516013,0.0034450161948398755
48.493,0.0693,0.07020124084332799,-0.0009012408433279884
43.7199,0.0729,0.06530462137464074,0.007595378625359264
43.9916,0.0677,0.06558335249480213,0.002116647505197869
46.5075,0.0681,0.06816435958061015,-6.435958061015712e-05
46.7132,0.0716,0.06837538273635986,0.0032246172636401366
46.9133,0.0712,0.06858066097391707,0.002619339026082926
46.5954,0.0714,0.06825453427866751,0.003145465721332494
47.2809,0.0719,0.06895777381812512,0.0029422261818748824
41.7381,0.0674,0.06327153586144296,0.004128464138557039
43.1592,0.0711,0.06472941144061611,0.006370588559383883
46.9775,0.0696,0.06864652235748114,0.0009534776425188518
47.1684,0.0713,0.06884236251515066,0.00245763748484934
47.742,0.0694,0.06943080627858303,-3.080627858302598e-05
46.9943,0.0715,0.06866375711205866,0.0028362428879413343
47.7294,0.0728,0.06941788021264989,0.0033821197873501185
44.7392,0.0695,0.06635029907350162,0.0031497009264983833
43.2037,0.0657,0.06477506302268157,0.0009249369773184218
46.3043,0.067,0.06795590112048208,-0.0009559011204820778
46.4249,0.0706,0.06807962203727069,0.0025203779627293033
46.3638,0.0712,0.06801694087627745,0.003183059123722548
47.1803,0.0698,0.06885457046630974,0.0009454295336902563
45.1265,0.0636,0.06674762171920831,-0.0031476217192083072
40.8965,0.0711,0.06240815672736926,0.008691843272630735
41.3694,0.0646,0.06289329455116138,0.0017067054488386219
46.1837,0.0693,0.06783218020369348,0.001467819796306516
46.5593,0.0607,0.06821750007389082,-0.007517500073890827
46.1451,0.0679,0.06779258130329513,0.00010741869670487236
48.4,0.0689,0.07010583416620245,-0.0012058341662024435
46.8557,0.0714,0.06852157038679416,0.002878429613205849
41.195,0.072,0.06271438138459479,0.009285618615405208
42.4242,0.0695,0.06397539092784976,0.005524609072150244
47.2919,0.072,0.0689690584788604,0.003030941521139599
46.2837,0.0655,0.06793476802855966,-0.0024347680285596585
45.1546,0.066,0.06677644889799571,-0.0007764488979957046
44.5733,0.0728,0.06618010587204866,0.006619894127951345
47.7927,0.0705,0.06948281830579019,0.0010171816942098066
39.5221,0.0654,0.060998189662408595,0.004401810337591405
42.9885,0.0741,0.06455429402356958,0.009545705976430424
50.3825,0.0759,0.07213963779417429,0.003760362205825707
48.4656,0.0733,0.07017313177931465,0.00312686822068535
48.0724,0.0714,0.06976975645194086,0.0016302435480591432
45.2678,0.0669,0.06689257831574422,7.421684255784489e-06
44.536,0.068,0.06614184061337358,0.0018581593866264234
40.1732,0.0711,0.06166613899011224,0.009433861009887759
41.7185,0.0651,0.06325142864776918,0.0018485713522308211
50.0358,0.0747,0.07178396580536328,0.0029160341946367213
48.4693,0.0714,0.0701769275288347,0.0012230724711653068
49.3797,0.0728,0.07111088708641633,0.0016891129135836735
49.6028,0.0744,0.07133976052369276,0.003060239476307236
48.0786,0.0688,0.06977611689708257,-0.000976116897082574
45.4591,0.0696,0.0670888288247132,0.0025111711752867916
44.399,0.0696,0.06600129529330692,0.0035987047066930733
49.6666,0.0689,0.07140521155595737,-0.0025052115559573707
49.6316,0.0724,0.0713693058172542,0.0010306941827458033
49.1201,0.072,0.07084456909306375,0.0011554309069362473
45.4169,0.0692,0.06704553676261968,0.002154463237380319
45.6108,0.065,0.06724445455503518,-0.0022444545550351774
41.233,0.0692,0.06275336475804391,0.006446635241956086
43.0451,0.0734,0.06461235873244381,0.008787641267556198
44.906,0.0673,0.06652141556537841,0.0007785844346215876
45.4557,0.0665,0.06708534083866775,-0.00058534083866775
46.4237,0.0715,0.06807839098337229,0.0034216090166277052
45.8409,0.0664,0.06748050914005224,-0.001080509140052241
48.1046,0.0701,0.06980278973154777,0.00029721026845222487
39.165,0.0643,0.060631848539811496,0.0036681514601885
40.513,0.065,0.062014732419007484,0.0029852675809925178
44.4411,0.0683,0.06604448476757557,0.0022555152324244265
43.3304,0.0674,0.064905041796787,0.0024949582032130074
45.6735,0.0666,0.06730877712122627,-0.0007087771212262589
46.0429,0.0652,0.06768773654628191,-0.002487736546281913
46.6735,0.0689,0.06833465536988798,0.0005653446301120274
39.5778,0.0646,0.06105533108085905,0.0035446689191409517
41.2794,0.0642,0.06280096550878184,0.0013990344912181568
45.2725,0.068,0.06689739994351293,0.0011026000564870742
42.4871,0.0663,0.06403991866969058,0.002260081330309416
45.5907,0.0689,0.06722383440223709,0.0016761655977629158
46.0668,0.066,0.06771225503642492,-0.0017122550364249145
44.3114,0.0666,0.06591142835872416,0.0006885716412758508
40.6059,0.0682,0.06211003650830816,0.006089963491691837
41.7535,0.0664,0.06328733438647235,0.003112665613527646
43.7255,0.0655,0.06531036629283324,0.0001896337071667642
44.8348,0.0715,0.0664483730340737,0.005051626965926301
44.4374,0.0693,0.06604068901805552,0.0032593109819444854
43.5518,0.0689,0.0651321712410407,0.003767828758959299
42.9775,0.0692,0.06454300936283429,0.004656990637165709
40.6344,0.0613,0.06213927403839502,-0.0008392740383950173
39.4888,0.0624,0.060964027916728156,0.0014359720832718414
45.8375,0.067,0.06747702115400679,-0.0004770211540067876
45.1127,0.0673,0.06673346459937678,0.000566535400623222
46.2344,0.0654,0.06788419223090063,-0.002484192230900628
41.6905,0.0722,0.06322270405680666,0.008977295943193339
46.3512,0.0648,0.06800401481034432,-0.0032040148103443244
38.7046,0.0647,0.06015953419412764,0.004540465805872355
38.4039,0.0644,0.05985105260475506,0.004548947395244939
44.8036,0.0676,0.06641636563271544,0.0011836343672845528
43.6957,0.0669,0.06527979512102314,0.0016202048789768636
45.1879,0.0668,0.06681061064367613,-1.0610643676134401e-05
46.8398,0.0694,0.06850525892264042,0.0008947410773595815
43.4842,0.0679,0.06506282187143117,0.002837178128568832
39.1763,0.0667,0.06064344096402137,0.006056559035978626
37.9813,0.0657,0.05941751645687062,0.006282483543129373
42.9867,0.0673,0.06455244744272198,0.0027475525572780157
43.7748,0.0681,0.06536094209049227,0.002739057909507722
44.3,0.0667,0.0658997333466894,0.000800266653310594
43.6129,0.0727,0.06519485240203395,0.007505147597966055
47.5779,0.0655,0.06926245965797764,-0.0037624596579776404
40.4967,0.0624,0.061998010603554296,0.0004019893964457011
43.1668,0.0729,0.06473720811530595,0.008162791884694057
44.0544,0.0697,0.06564777764881809,0.004052222351181911
46.4469,0.0687,0.06810219135874124,0.0005978086412587597
47.3334,0.0704,0.06901163242617986,0.0013883675738201456
50.917,0.0713,0.07268796971808397,-0.00138796971808397
49.6235,0.0747,0.07136099620344005,0.00333900379655995
44.3327,0.0719,0.06593327956542064,0.005966720434579367
46.2991,0.0681,0.06795056655358905,0.00014943344641094036
51.7928,0.0732,0.07358643388826192,-0.00038643388826191394
50.5919,0.0717,0.07235445669944406,-0.0006544566994440559
52.5698,0.0741,0.07438354128747207,-0.0002835412874720722
49.4457,0.0699,0.07117859505082799,-0.001278595050827988
49.3447,0.0703,0.07107498134771317,-0.0007749813477131717
39.4541,0.0595,0.06092842994149959,-0.0014284299414995955
38.4119,0.0684,0.05985925963074436,0.008540740369255645
50.296,0.0749,0.07205089932566505,0.0028491006743349423
49.9722,0.0685,0.0717187199487484,-0.003218719948748394
49.2008,0.0728,0.07092735746773074,0.0018726425322692641
47.7026,0.0701,0.06939038667558575,0.0007096133244142433
48.5592,0.0708,0.07026915398338938,0.0005308460166106171
44.073,0.0702,0.0656668589842432,0.004533141015756803
40.3165,0.0674,0.061813147343145455,0.005586852656854546
47.7307,0.0694,0.06941921385437316,-1.921385437315959e-05
48.8496,0.0658,0.07056706902680075,-0.004767069026800755
49.5102,0.0706,0.07124476419786668,-0.0006447641978666874
45.0861,0.0664,0.06670617623796238,-0.00030617623796237725
46.3946,0.066,0.06804853792633622,-0.002048537926336219
40.896,0.0673,0.062407643788244926,0.004892356211755072
37.6519,0.0631,0.05907959216176145,0.004020407838238552
46.1903,0.0649,0.06783895100013465,-0.0029389510001346514
43.2906,0.0651,0.06486421184249028,0.00023578815750972815
45.313,0.0625,0.06693894801258372,-0.004438948012583724
44.4838,0.0676,0.06608828976879344,0.0015117102312065533
45.4178,0.0641,0.06704646005304347,-0.0029464600530434704
38.5668,0.0602,0.06001816817146206,0.00018183182853794
40.2513,0.0664,0.061746260081332716,0.004653739918667285
46.4243,0.069,0.06807900651032149,0.0009209934896785149
46.7543,0.0712,0.06841754633237986,0.002782453667620144
47.7861,0.0685,0.06947604750934902,-0.0009760475093490151
45.5778,0.0661,0.06721060057282935,-0.0011106005728293428
43.6405,0.0683,0.065223166641697,0.0030768333583029994
43.5673,0.0655,0.06514807235389497,0.00035192764610503247
39.9608,0.0635,0.06144824245009649,0.002051757549903513
46.2234,0.0651,0.06787290757016534,-0.0027729075701653366
44.8318,0.0682,0.0664452953993277,0.0017547046006722994
46.5374,0.0691,0.06819503334024513,0.0009049666597548689
44.5694,0.0663,0.06617610494687887,0.00012389505312113136
44.7975,0.0664,0.0664101077753986,-1.0107775398601748e-05
42.9983,0.0703,0.06456434763040644,0.005735652369593558
42.1191,0.0639,0.06366239547418306,0.00023760452581693403
44.9734,0.0689,0.0665905597593382,0.002309440240661806
45.1833,0.0685,0.06680589160373229,0.0016941083962677128
45.8577,0.0678,0.06749774389462976,0.00030225610537024106
46.1586,0.0645,0.06780643065965207,-0.003306430659652068
46.8199,0.0705,0.06848484394549206,0.00201515605450793
41.6583,0.0666,0.06318967077719975,0.003410329222800254
41.561,0.0622,0.06308985282360496,-0.0008898528236049655
44.9097,0.0641,0.06652521131489846,-0.002425211314898451
46.5852,0.063,0.06824407032053116,-0.005244070320531161
48.6507,0.0678,0.07036302184314194,-0.002563021843141944
45.6555,0.0683,0.06729031131275037,0.001009688687249627
48.2489,0.0683,0.06995082396282964,-0.001650823962829645
41.4836,0.0681,0.06301044984715856,0.005089550152841432
40.6356,0.063,0.06214050509229341,0.0008594949077065928
48.1814,0.0667,0.06988157718104498,-0.0031815771810449894
45.3622,0.0679,0.06698942122241788,0.0009105787775821189
46.4111,0.0658,0.06806546491743914,-0.0022654649174391472
51.4592,0.0692,0.07324420090450837,-0.004044200904508369
49.3571,0.0688,0.07108770223799657,-0.0022877022379965695
45.7146,0.07,0.06735094071724626,0.0026490592827537462
46.7646,0.0662,0.06842811287834108,-0.0022281128783410847
50.6893,0.069,0.0724543772408637,-0.0034543772408636986
51.4331,0.0671,0.0732174254822183,-0.006117425482218289
51.3311,0.0755,0.0731127859008548,0.0023872140991452045
54.7155,0.0738,0.0765847682456255,-0.002784768245625499
51.7719,0.0681,0.07356499303286487,-0.005464993032864879
42.375,0.0684,0.0639249177180156,0.004475082281984399
43.0784,0.0657,0.06464652047812425,0.001053479521875747
45.8441,0.066,0.06748379195044796,-0.0014837919504479546
47.1686,0.0681,0.06884256769080041,-0.0007425676908004164
48.2819,0.0649,0.06998467794503549,-0.00508467794503549
48.1411,0.0684,0.06984023428762393,-0.0014402342876239232
50.2633,0.0691,0.07201735310693382,-0.0029173531069338204
43.39,0.0698,0.06496618414040725,0.004833815859592749
40.9192,0.0672,0.062431444163613875,0.004768555836386121
48.0242,0.0678,0.06972030912035537,-0.0019203091203553735
47.5661,0.0693,0.06925035429464343,4.964570535656576e-05
46.1001,0.0633,0.06774641678210536,-0.004446416782105361
49.0671,0.0738,0.07079019754588467,0.0030098024541153345
48.5872,0.069,0.07029787857435191,-0.0012978785743519017
44.7784,0.0695,0.06639051350084917,0.0031094864991508403
45.5422,0.074,0.06717407930717699,0.0068259206928230065
51.8603,0.0757,0.07365568067004657,0.0020443193299534285
56.3406,0.0849,0.07825192298752566,0.006648077012474343
55.7866,0.0825,0.07768358643776707,0.004816413562232932
56.2586,0.0845,0.0781678009711354,0.006332199028864602
56.2522,0.0821,0.07816123535034397,0.003938764649656035
56.8039,0.0864,0.07872721238013064,0.0076727876198693645
55.0491,0.0838,0.07692700122937907,0.006872998770620933
61.7999,0.0826,0.08385250011044457,-0.0012525001104445599
64.4505,0.0873,0.08657169299634732,0.0007283070036526867
58.4942,0.0856,0.08046125438384352,0.005138745616156473
64.4208,0.0854,0.08654122441236206,-0.0011412244123620574
57.5248,0.0771,0.07946676800959086,-0.002366768009590861
51.2524,0.0766,0.07303204928268511,0.0035679507173148883
49.6956,0.0793,0.07143496202516855,0.007865037974831443
54.9636,0.0751,0.07683928863911849,-0.0017392886391184859
54.4898,0.0746,0.07635322752490256,-0.001753227524902562
54.5166,0.0752,0.0763807210619667,-0.0011807210619666914
55.988,0.0721,0.07789019831704755,-0.005790198317047551
51.5721,0.0707,0.07336002255878227,-0.0026600225587822685
44.7135,0.0671,0.06632393400251102,0.0007760659974889866
46.687,0.0768,0.06834850472624492,0.008451495273755077
49.5444,0.0733,0.0712798492339709,0.0020201507660290996
49.9391,0.0721,0.07168476337871768,0.00041523662128231664
51.4153,0.0728,0.07319916484939212,-0.0003991648493921196
50.1405,0.0741,0.07189137525799816,0.0022086247420018412
52.55,0.0744,0.07436322889814856,3.677110185143495e-05
45.7119,0.0703,0.06734817084597489,0.002951829154025115
47.433,0.0719,0.06911380989974655,0.0027861901002534523
48.0129,0.0714,0.06970871669614549,0.0016912833038545128
52.9631,0.0736,0.07478701920267071,-0.001187019202670711
49.3335,0.0727,0.07106349151132815,0.0016365084886718478
52.3338,0.0707,0.07414143402078789,-0.0034414340207878924
51.2719,0.0747,0.07305205390853403,0.001647946091465971
45.188,0.0737,0.066810713231501,0.006889286768498995
44.8955,0.0694,0.06651064384376745,0.0028893561562325504
49.2523,0.0721,0.07098019019753682,0.0011198098024631786
53.5886,0.0729,0.07542870604720861,-0.0025287060472086037
49.0356,0.0685,0.07075788238105182,-0.002257882381051818
53.1318,0.072,0.07496008486321995,-0.0029600848632199556
50.9796,0.0752,0.0727521896964502,0.002447810303549805
45.4967,0.0744,0.06712740184686287,0.007272598153137119
43.5465,0.0693,0.0651267340863228,0.004173265913677199
51.5409,0.0712,0.07332801515742401,-0.0021280151574240153
52.3816,0.0692,0.07419047100107393,-0.004990471001073929
53.2577,0.0749,0.07508924293472646,-0.00018924293472646903
51.9459,0.0781,0.07374349584813203,0.004356504151867974
50.1094,0.0708,0.07185947044446478,-0.0010594704444647773
45.7848,0.0694,0.06742295737030232,0.001977042629697681
43.9412,0.0738,0.06553164823106958,0.008268351768930426
49.6174,0.0686,0.07135473834612321,-0.00275473834612322
50.4079,0.0728,0.0721656951016903,0.0006343048983097066
51.3965,0.0717,0.07317987833831727,-0.001479878338317267
53.2584,0.0746,0.07508996104950053,-0.0004899610495005258
51.8548,0.0714,0.07365003833967892,-0.0022500383396789198
48.0129,0.0737,0.06970871669614549,0.003991283303854509
45.6427,0.0675,0.06727718007116748,0.00022281992883252388
51.4661,0.0715,0.07325127946442413,-0.0017512794644241325
52.3221,0.0726,0.07412943124527856,-0.0015294312452785591
53.4551,0.0739,0.07529175130101229,-0.001391751301012295
50.9841,0.0746,0.07275680614856918,0.0018431938514308216
53.5486,0.0703,0.07538767091726215,-0.005087670917262144
45.8032,0.075,0.0674418335300777,0.007558166469922301
45.4297,0.0708,0.06705866800420254,0.003741331995797459
50.6903,0.0694,0.07245540311911236,-0.003055403119112357
53.5344,0.076,0.07537310344613116,0.0006268965538688415
49.9397,0.0721,0.0716853789056669,0.0004146210943331008
50.0354,0.0694,0.07178355545406381,-0.00238355545406381
51.8964,0.0693,0.07369271487482326,-0.004392714874823261
48.1529,0.0721,0.06985233965095813,0.0022476603490418634
45.5484,0.0728,0.06718043975231869,0.005619560247681316
53.786,0.0731,0.07563121441349444,-0.002531214413494437
50.9969,0.0747,0.07276993739015206,0.0019300626098479462
50.6966,0.0701,0.07246186615207893,-0.002361866152078937
56.7069,0.0744,0.07862770219001045,-0.004227702190010452
56.4131,0.0751,0.07832629916055364,-0.0032262991605536417
51.6224,0.0777,0.07341162423468994,0.004288375765310062
48.538,0.0731,0.07024740536451776,0.0028525946354822362
57.7975,0.0807,0.07974652500800092,0.0009534749919990759
53.5386,0.0766,0.07537741213477553,0.0012225878652244726
55.792,0.0762,0.07768912618030985,-0.0014891261803098438
55.3488,0.0755,0.07723445694050296,-0.0017344569405029625
57.041,0.076,0.07897044811288832,-0.0029704481128883242
50.0347,0.0745,0.07178283733928975,0.0027171626607102456
47.6903,0.0749,0.06937776837312723,0.0055222316268727645
52.395,0.0789,0.074204217769606,0.004695782230393991
55.0291,0.0769,0.07690648366440582,-6.483664405823597e-06
51.7185,0.0761,0.07351021113438634,0.0025897888656136597
48.8462,0.0713,0.0705635810407553,0.0007364189592447001
50.5802,0.0703,0.07234245392393471,-0.002042453923934706
46.3406,0.071,0.0679931405009085,0.003006859499091491
44.2595,0.0688,0.06585818527761861,0.0029418147223813917
51.5942,0.0783,0.07338269446807769,0.004917305531922309
53.4926,0.077,0.0753302217353371,0.0016697782646628995
53.0024,0.0771,0.07482733621784313,0.002272663782156875
49.1355,0.0751,0.07086036761809314,0.00423963238190686
51.5758,0.0707,0.07336381830830233,-0.0026638183083023265
46.011,0.0723,0.0676550110301496,0.004644988969850397
45.8695,0.0691,0.06750984925796397,0.0015901507420360284
52.152,0.0745,0.07395492935518119,0.0005450706448188042
52.0935,0.0708,0.07389491547763449,-0.003094915477634491
51.3219,0.0732,0.07310334782096711,9.665217903288836e-05
49.6754,0.068,0.0714142392845456,-0.003414239284545595
53.164,0.0754,0.07499311814282686,0.00040688185717313585
43.4346,0.0698,0.06501193831029756,0.004788061689702444
49.7005,0.0768,0.071439988828587,0.005360011171412993
54.4333,0.0741,0.07629526540385317,-0.002195265403853175
56.7761,0.0799,0.07869869296481784,0.0012013070351821614
54.006,0.0742,0.07585690762820002,-0.001656907628200019
55.5276,0.0776,0.07741788397136368,0.00018211602863632548
54.0487,0.0751,0.07590071262941787,-0.000800712629417874
47.9631,0.0746,0.06965762795936213,0.0049423720406378685
47.8362,0.0757,0.06952744400960696,0.006172555990393042
54.0177,0.0817,0.07586891040370936,0.0058310895962906395
54.2096,0.0754,0.07606577643962754,-0.0006657764396275495
52.2588,0.0742,0.07406449315213827,0.00013550684786173273
49.2371,0.0693,0.07096459684815716,-0.00166459684815716
51.0668,0.0722,0.0728416462797335,-0.000641646279733496
45.2399,0.0732,0.06686395631260655,0.006336043687393447
45.4654,0.0703,0.06709529185767976,0.0032047081423202395
50.1571,0.0767,0.07190840483692594,0.004791595163074064
51.5893,0.0696,0.07337766766465925,-0.0037776676646592566
50.7934,0.0721,0.07256117116654939,-0.0004611711665493956
50.1986,0.0681,0.0719509787842454,-0.0038509787842454096
50.2721,0.073,0.07202638083552204,0.000973619164477954
45.4398,0.0701,0.06706902937451403,0.0030309706254859625
45.0573,0.0683,0.06667663094440092,0.0016233690555990804
49.4313,0.0724,0.07116382240404727,0.0012361775959527366
50.5213,0.0723,0.07228202969508854,1.797030491146323e-05
49.4482,0.0733,0.07118115974644965,0.002118840253550358
52.1939,0.0769,0.07399791365380012,0.0029020863461998725
52.0868,0.0724,0.07388804209336845,-0.0014880420933684468
44.6775,0.0745,0.06628700238555921,0.00821299761444079
45.5944,0.0764,0.06722763015175713,0.009172369848242864
50.4866,0.0729,0.07224643171985998,0.0006535682801400294
50.7971,0.071,0.07256496691606944,-0.0015649669160694435
49.975,0.0726,0.07172159240784465,0.0008784075921553502
53.7439,0.0737,0.07558802493922578,-0.0018880249392257825
50.7138,0.0735,0.07247951125795592,0.001020488742044079
51.5888,0.0834,0.07337715472553491,0.010022845274465092
49.1988,0.0828,0.07092530571123343,0.011874694288766571
52.6682,0.0741,0.07448448770714038,-0.00038448770714037683
54.5389,0.0752,0.07640359814691185,-0.001203598146911844
54.0404,0.0764,0.07589219783995399,0.0005078021600460059
53.7246,0.0782,0.07556822548902661,0.002631774510973392
53.4295,0.0718,0.07526548881784653,-0.0034654888178465293
49.3095,0.073,0.07103887043336027,0.001961129566639727
48.4168,0.0773,0.07012306892077996,0.007176931079220031
51.8152,0.0797,0.07360941356103193,0.006090586438968065
54.1695,0.0786,0.07602463872185622,0.002575361278143784
53.6436,0.0738,0.07548512935088501,-0.001685129350885009
49.8856,0.0746,0.07162987889241429,0.0029701211075857104
49.5635,0.0707,0.07129944350852034,-0.000599443508520342
43.9485,0.0736,0.06553913714228482,0.008060862857715179
43.6904,0.073,0.06527435796630522,0.007725642033694774
48.5477,0.071,0.07025735638352978,0.0007426436164702094
49.0646,0.0753,0.07078763285026302,0.00451236714973699
47.9599,0.0727,0.06965434514896642,0.0030456548510335857
47.3144,0.0702,0.06899214073945528,0.0012078592605447164
49.533,0.0695,0.07126815422193616,-0.001768154221936158
47.5089,0.0782,0.06919167405881999,0.00900832594118002
45.2656,0.0734,0.06689032138359716,0.00650967861640285
51.2995,0.0767,0.07308036814819709,0.003619631851802918
51.3065,0.0763,0.07308754929593772,0.0032124507040622863
54.1451,0.0789,0.07599960729258887,0.0029003927074111313
54.3344,0.081,0.07619380604506053,0.004806193954939475
53.9242,0.078,0.0757729907874595,0.002227009212540501
50.4486,0.0822,0.07220744834641082,0.009992551653589171
48.2351,0.0807,0.06993666684299812,0.01076333315700187
55.1535,0.0801,0.07703410291853935,0.0030658970814606556
50.4174,0.076,0.07217544094505259,0.003824559054947413
49.9804,0.0771,0.07172713215038742,0.005372867849612578
52.6048,0.0811,0.07441944702617523,0.006680552973824777
52.7659,0.0681,0.07458471601203462,-0.006484716012034625
46.2242,0.0739,0.06787372827276428,0.006026271727235716
46.6351,0.0762,0.06829526164513938,0.007904738354860621
50.801,0.0776,0.07256896784123923,0.005031032158760773
48.0708,0.0794,0.069768115046743,0.009631884953256994
49.4149,0.0746,0.07114699800076922,0.0034530019992307787
50.7852,0.0776,0.07255275896491037,0.0050472410350896335
51.0117,0.0743,0.07278512038823223,0.001514879611767772
47.9043,0.0752,0.06959730631834082,0.005602693681659179
48.4934,0.0792,0.07020165119462744,0.008998348805372564
52.0884,0.0774,0.07388968349856631,0.0035103165014336857
51.7162,0.0774,0.07350785161441442,0.0038921483855855754
46.4786,0.0753,0.06813471169922382,0.0071652883007761875
46.2587,0.0693,0.0679091210723431,0.001390878927656894
46.3659,0.0682,0.06801909522059965,0.00018090477940034544
43.8017,0.0716,0.06538853821538126,0.0062114617846187326
43.0202,0.0701,0.06458681436405214,0.005513185635947854
45.826,0.0679,0.06746522355414719,0.00043477644585281083
45.9435,0.067,0.06758576424836493,-0.0005857642483649284
46.9338,0.0663,0.06860169147801462,-0.0023016914780146225
45.6978,0.0741,0.06733370596266874,0.006766294037331255
47.5513,0.0716,0.06923517129656323,0.0023648287034367665
41.2128,0.0696,0.06273264201742096,0.0068673579825790365
43.2367,0.0734,0.0648089170048874,0.008591082995112603
47.5191,0.0701,0.06920213801695634,0.0008978619830436602
48.1487,0.0755,0.06984803096231375,0.00565196903768625
48.2287,0.075,0.06993010122220669,0.005069898777793305
50.226,0.0766,0.07197908784825874,0.004620912151741263
53.1065,0.0782,0.0749341301435288,0.003265869856471204
44.8057,0.0747,0.06641851997703763,0.008281480022962376
41.9193,0.0662,0.06345742500010046,0.002742574999899536
46.7321,0.069,0.06839477183525958,0.000605228164740429
46.0379,0.0632,0.0676826071550386,-0.004482607155038593
45.1999,0.0688,0.06682292118266009,0.001977078817339911
46.6861,0.071,0.06834758143582112,0.002652418564178874
47.6707,0.0717,0.06935766115945344,0.0023423388405465623
41.7284,0.0692,0.06326158484243094,0.0059384151575690575
40.3761,0.0654,0.0618742896867657,0.003525710313234301
45.1171,0.0679,0.0667379784636709,0.0011620215363291053
46.6849,0.0676,0.06834635038192273,-0.0007463503819227363
44.1456,0.0696,0.06574133774509604,0.003858662254903958
45.4896,0.0686,0.0671201181112974,0.0014798818887026
44.139,0.0671,0.06573456694865487,0.0013654330513451357
40.2105,0.0658,0.06170440424878732,0.004095595751212676
40.9523,0.0687,0.06246540073364458,0.006234599266355417
45.2702,0.0697,0.066895040423541,0.0028049595764590013
44.0079,0.0697,0.06560007431025532,0.004099925689744682
44.3466,0.0683,0.06594753927307705,0.002352460726922953
45.3258,0.0688,0.0669520792541666,0.001847920745833398
44.661,0.0672,0.06627007539445628,0.000929924605543711
40.2486,0.0653,0.061743490210061334,0.0035565097899386625
41.637,0.0713,0.06316781957050326,0.008132180429496746
44.4593,0.0653,0.06606315575170121,-0.0007631557517012166
45.2345,0.0667,0.06685841657006378,-0.0001584165700637824
43.4909,0.0635,0.06506969525569722,-0.0015696952556972232
47.0068,0.0686,0.06867658059016693,-7.658059016693586e-05
45.9085,0.0672,0.06754985850966178,-0.00034985850966177956
42.4563,0.0724,0.0640083216196318,0.008391678380368209
39.4643,0.0665,0.06093889389963595,0.0055611061003640536
44.5392,0.0695,0.0661451234237693,0.0033548765762307087
45.031,0.0664,0.06664965034646111,-0.00024965034646111384
43.7159,0.0669,0.06530051786164609,0.001599482138353911
44.2192,0.0687,0.06581684238419755,0.002883157615802448
47.9039,0.0677,0.06959689596704136,-0.0018968959670413593
44.9592,0.0742,0.06657599228820721,0.0076240077117927935
43.7729,0.069,0.06535899292181982,0.003641007078180186
48.0155,0.0702,0.069711383979592,0.000488616020407992
48.6253,0.0742,0.07033696453562593,0.0038630354643740678
44.2805,0.0632,0.0658797287208405,-0.0026797287208404907
44.7005,0.0692,0.06631059758527842,0.0028894024147215758
43.1734,0.0697,0.06474397891174712,0.004956021088252882
39.7089,0.0654,0.0611898237192586,0.004210176280741398
40.1761,0.0678,0.06166911403703335,0.0061308859629666465
44.6767,0.0671,0.06628618168296027,0.0008138183170397356
42.8158,0.0652,0.0643771248500257,0.0008228751499742976
43.6549,0.0627,0.06523793928847774,-0.0025379392884777308
42.9664,0.0634,0.06453162211427414,-0.0011316221142741445
45.9997,0.0679,0.06764341860593973,0.00025658139406027625
41.6645,0.0647,0.06319603122234145,0.001503968777658543
39.5756,0.0699,0.061053074148712,0.008846925851288004
47.5014,0.0669,0.06918397997195502,-0.002283979971955022
43.7433,0.0638,0.06532862692565942,-0.0015286269256594293
44.5982,0.0621,0.06620565024044033,-0.004105650240440323
46.5358,0.0652,0.06819339193504728,-0.0029933919350472876
43.347,0.0623,0.06492207137571479,-0.0026220713757147893
39.2044,0.0631,0.060672268142808766,0.002427731857191237
39.3469,0.0625,0.06081845579324306,0.001681544206756938
45.4579,0.0696,0.0670875977708148,0.0025124022291851955
45.8538,0.0677,0.06749374296945998,0.00020625703054001632
43.7536,0.0665,0.06533919347162065,0.0011608065283793545
43.7088,0.0641,0.0652932341260806,-0.0011932341260805918
43.6414,0.0639,0.0652240899321208,-0.0013240899321207977
38.9584,0.0593,0.060419902093637984,-0.0011199020936379853
38.3266,0.0645,0.05977175221613351,0.0047282477838664905
44.5509,0.0644,0.06615712619927863,-0.001757126199278633
45.2101,0.0674,0.06683338514079643,0.0005666148592035763
44.1803,0.0651,0.0657769357203246,-0.0006769357203245951
45.0172,0.0686,0.0666354932266296,0.0019645067733704002
44.1043,0.0637,0.06569896897342631,-0.0019989689734263016
40.7226,0.065,0.062229756499926986,0.0027702435000730163
37.9123,0.0637,0.059346730857712963,0.004353269142287043
44.008,0.0641,0.06560017689808019,-0.0015001768980801855
43.3326,0.063,0.06490729872893405,-0.0019072987289340537
43.3779,0.0651,0.06495377101359844,0.00014622898640156978
44.2413,0.0656,0.06583951429349297,-0.00023951429349296227
43.7359,0.0612,0.06532103542661932,-0.004121035426619325
39.1694,0.0669,0.06063636240410561,0.006263637595894392
39.3928,0.0667,0.06086554360485664,0.005834456395143357
43.2804,0.0633,0.06485374788435391,-0.0015537478843539176
42.8081,0.0619,0.06436922558751099,-0.0024692255875109898
44.181,0.0599,0.06577765383509865,-0.0058776538350986465
42.9867,0.0646,0.06455244744272198,4.7552557278021657e-05
45.2839,0.068,0.06690909495554767,0.0010909050444523338
39.2136,0.062,0.060681706222696453,0.001318293777303546
39.038,0.0568,0.06050156200223145,-0.0037015620022314497
43.9949,0.0627,0.06558673789302272,-0.0028867378930227117
44.5007,0.0619,0.06610562711119582,-0.00420562711119582
48.477,0.0711,0.07018482679134938,0.0009151732086506159
48.586,0.0723,0.07029664752045352,0.0020033524795464858
48.7879,0.073,0.07050377233885832,0.002496227661141673
43.1272,0.0624,0.06469658333665895,-0.0022965833366589555
42.6245,0.0669,0.0641808743410567,0.0027191256589433055
48.1193,0.0684,0.0698178701418031,-0.0014178701418030987
48.2129,0.0722,0.06991389234587783,0.0022861076541221687
48.5672,0.0679,0.07027736100937867,-0.002377361009378673
47.3329,0.0671,0.06901111948705552,-0.0019111194870555098
45.8735,0.0638,0.06751395277095862,-0.003713952770958623
40.4628,0.0615,0.06196323333092467,-0.00046323333092467
38.8969,0.0627,0.06035681058134529,0.0023431894186547175
44.8152,0.0642,0.06642826582039993,-0.0022282658203999356
43.8,0.0637,0.06538679422235855,-0.0016867942223585397
47.9821,0.0678,0.06967711964608672,-0.0018771196460867223
46.1133,0.0658,0.06775995837498769,-0.0019599583749876914
44.4274,0.0664,0.0660304302355689,0.0003695697644311019
40.9843,0.0653,0.062498228837601755,0.002801771162398242
38.3132,0.0611,0.059758005447601445,0.0013419945523985566
44.612,0.0641,0.06621980736027186,-0.0021198073602718553
44.3259,0.0609,0.06592630359332974,-0.005026303593329735
47.2295,0.0695,0.0689050436761439,0.0005949563238561023
45.3614,0.0658,0.06698860051981895,-0.0011886005198189498
45.3334,0.0671,0.06695987592885641,0.00014012407114359637
41.152,0.0627,0.06267026861990233,2.9731380097680615e-05
38.3986,0.0619,0.05984561545003716,0.0020543845499628385
46.1105,0.0684,0.06775708591589144,0.0006429140841085618
45.3985,0.0649,0.06702666060284429,-0.002126660602844291
45.7458,0.0656,0.06738294811860451,-0.0017829481186045076
46.468,0.0651,0.068123837389788,-0.003023837389787995
45.0812,0.0635,0.06670114943454394,-0.003201149434543943
40.7831,0.0599,0.06229182213397101,-0.0023918221339710097
40.2726,0.0639,0.061768111288029205,0.0021318887119707933
46.6946,0.0678,0.06835630140093475,-0.0005563014009347528
45.968,0.0668,0.06761089826545716,-0.0008108982654571606
43.3715,0.0668,0.064947205392807,0.0018527946071929952
45.2043,0.0682,0.06682743504695421,0.0013725649530457878
46.8558,0.0671,0.06852167297461903,-0.0014216729746190232
42.3607,0.0657,0.06391024765905974,0.0017897523409402538
41.6237,0.0649,0.06315417538979606,0.001745824610203936
46.7556,0.0633,0.06841887997410312,-0.005118879974103124
45.4934,0.0721,0.0671240164486423,0.004975983551357699
44.815,0.0666,0.06642806064475018,0.0001719393552498255
46.8736,0.0672,0.0685399336074452,-0.0013399336074452067
45.2361,0.0628,0.06686005797526164,-0.004060057975261641
39.4448,0.065,0.060918889273787045,0.004081110726212957
40.2738,0.0649,0.06176934234192761,0.00313065765807239
44.3494,0.0647,0.0659504117321733,-0.001250411732173301
45.7396,0.0646,0.06737658767346281,-0.0027765876734628103
45.8378,0.0652,0.0674773289174814,-0.0022773289174814054
46.4039,0.0648,0.06805807859404879,-0.003258078594048794
46.6971,0.0622,0.0683588660965564,-0.006158866096556408
40.6649,0.0648,0.06217056332497921,0.002629436675020788
42.2254,0.0672,0.06377144633201581,0.0034285536679841827
48.1132,0.0701,0.06981161228448626,0.00028838771551373266
47.1171,0.0673,0.06878973496099433,-0.0014897349609943322
46.8519,0.0657,0.06851767204944924,-0.0028176720494492435
46.4466,0.0685,0.06810188359526664,0.00039811640473336185
47.7956,0.0663,0.0694857933527113,-0.003185793352711297
42.145,0.0679,0.06368896572082342,0.004211034279176587
43.0328,0.0651,0.06459974042998529,0.0005002595700147189
49.427,0.0668,0.07115941112757802,-0.004359411127578025
47.2806,0.0691,0.06895746605465052,0.0001425339453494795
46.5925,0.07,0.06825155923174639,0.0017484407682536174
47.3152,0.0661,0.06899296144205422,-0.002892961442054212
46.7654,0.0696,0.06842893358094,0.0011710664190599934
41.1896,0.0606,0.06270884164205201,-0.002108841642052009
41.4849,0.0652,0.06301178348888181,0.0021882165111181823
48.2424,0.066,0.06994415575421337,-0.003944155754213363
49.0053,0.0654,0.07072679827011738,-0.0053267982701173805
47.3337,0.0692,0.06901194018965445,0.00018805981034554498
51.7173,0.065,0.07350898008048795,-0.008508980080487949
53.9877,0.07,0.0758381340562495,-0.0058381340562495
47.4575,0.0708,0.06913894391683878,0.001661056083161222
47.0604,0.07,0.06873156766429521,0.0012684323357047972
54.677,0.0774,0.07654527193305202,0.000854728066947974
50.7414,0.0718,0.07250782549761897,-0.0007078254976189691
49.2687,0.0704,0.07099701460081487,-0.000597014600814863
49.1066,0.0701,0.07083071973670681,-0.0007307197367068113
49.2354,0.0696,0.07096285285513443,-0.0013628528551344332
41.3365,0.0675,0.06285954315678041,0.0046404568432195925
42.0722,0.0618,0.06361428178432084,-0.0018142817843208384
48.0021,0.0656,0.06969763721105994,-0.004097637211059935
49.477,0.0702,0.0712107050400111,-0.0010107050400111062
47.4958,0.0709,0.06917823505376253,0.0017217649462374779
47.0127,0.0693,0.06868263327183405,0.0006173667281659523
48.9194,0.0688,0.07063867532855733,-0.001838675328557332
42.8005,0.066,0.06436142891282116,0.001638571087178839
42.9092,0.0657,0.06447294187845069,0.0012270581215493015
50.7952,0.0684,0.07256301774739699,-0.004163017747396983
50.7056,0.0715,0.07247109905631688,-0.0009710990563168848
48.4553,0.0686,0.07016256523335343,-0.0015625652333534357
47.7902,0.0665,0.06948025361016852,-0.002980253610168515
50.2842,0.0712,0.07203879396233084,-0.0008387939623308444
43.0853,0.0678,0.06465359903804002,0.0031464009619599775
50.0665,0.073,0.07181546026759719,0.0011845397324028034
53.4213,0.0733,0.07525707661620751,-0.0019570766162075037
52.6609,0.0742,0.07447699879592515,-0.00027699879592514576
49.9456,0.0726,0.07169143158733399,0.000908568412666011
54.7295,0.0804,0.07659913054110677,0.0038008694588932274
53.6818,0.0738,0.0755243178999839,-0.001724317899983896
46.4137,0.0723,0.06806813220088567,0.0042318677991143305
47.7784,0.0728,0.06946814824683431,0.0033318517531656933
51.9203,0.0685,0.07371723336496627,-0.005217233364966267
52.3002,0.0697,0.07410696451163286,-0.00440696451163286
52.1866,0.071,0.0739904247425849,-0.0029904247425849018
53.5594,0.0717,0.0753987504023477,-0.0036987504023476975
50.4676,0.0697,0.0722269400331354,-0.0025269400331354025
45.0174,0.07,0.06663569840227931,0.0033643015977206925
44.3777,0.0731,0.06597944408661041,0.007120555913389587
52.2568,0.0721,0.07406244139564094,-0.001962441395640946
52.2519,0.073,0.07405741459222251,-0.0010574145922225137
50.2431,0.0699,0.07199663036631085,-0.002096630366310845
49.9231,0.0722,0.0716683493267391,0.0005316506732609
50.9489,0.0734,0.07272069523421629,0.0006793047657837198
44.0981,0.0617,0.06569260852828461,-0.003992608528284612
42.1916,0.0659,0.06373677164721105,0.002163228352788954
49.0175,0.0684,0.07073931398475106,-0.002339313984751054
50.9827,0.0673,0.07275536991902105,-0.005455369919021055
51.6418,0.0696,0.07343152627271399,-0.003831526272713992
52.6359,0.0726,0.07445135183970861,-0.0018513518397086093
50.3541,0.0705,0.07211050285191231,-0.0016105028519123182
45.5148,0.0682,0.06714597024316366,0.0010540297568363416
44.0737,0.0703,0.06566757709901727,0.00463242290098273
53.9914,0.069,0.07584192980576956,-0.006841929805769559
48.8816,0.067,0.07059989713075793,-0.003599897130757923
48.9285,0.0715,0.07064801082062017,0.0008519891793798279
49.6982,0.0699,0.07143762930861508,-0.0015376293086150766
51.0639,0.0755,0.07283867123281237,0.0026613287671876235
44.3803,0.0692,0.06598211137005694,0.003217888629943058
44.3711,0.0699,0.06597267329016926,0.003927326709830745
50.4265,0.07,0.0721847764371154,-0.002184776437115399
51.5715,0.0693,0.07335940703183308,-0.004059407031833079
50.1931,0.0704,0.07194533645387777,-0.001545336453877763
51.6492,0.0736,0.07343911777175409,0.00016088222824590936
52.4407,0.0717,0.07425110040556984,-0.002551100405569842
43.7592,0.0685,0.06534493838981315,0.00315506161018686
43.3979,0.0709,0.06497428857857168,0.005925711421428323
56.8917,0.0753,0.07881728449036313,-0.0035172844903631206
54.4429,0.0742,0.07630511383504032,-0.0021051138350403203
56.3068,0.0773,0.0782172483027209,-0.0009172483027208994
55.1401,0.0736,0.07702035615000727,-0.00342035615000727
55.7701,0.07,0.07766665944666415,-0.0076666594466641425
46.4439,0.0683,0.06809911372399526,0.00020088627600474418
45.2441,0.0697,0.06686826500125093,0.002831734998749072
47.3088,0.0699,0.06898639582126277,0.0009136041787372318
53.9371,0.0794,0.07578622461686724,0.0036137753831327613
51.628,0.0738,0.07341736915288247,0.0003826308471175377
53.4636,0.0757,0.0753004712661259,0.0003995287338740966
52.3273,0.0756,0.0741347658121716,0.0014652341878284014
45.6135,0.07,0.06724722442630657,0.002752775573693439
43.8603,0.0685,0.06544865468075285,0.0030513453192471535
50.0661,0.07,0.07181504991629772,-0.0018150499162977174
48.3046,0.0692,0.07000796538128011,-0.0008079653812801124
49.9998,0.0682,0.07174703418841145,-0.0035470341884114576
51.5077,0.0761,0.07329395599956845,0.0028060440004315512
48.7638,0.0704,0.07047904867306558,-7.904867306557373e-05
46.2257,0.0714,0.06787526709013728,0.0035247329098627295
47.3804,0.0719,0.06905984870386696,0.0028401512961330477
55.3969,0.0748,0.0772838016842636,-0.002483801684263598
55.2941,0.0782,0.07717834140030118,0.001021658599698827
55.0613,0.0737,0.07693951694401273,-0.003239516944012727
52.7603,0.0757,0.07457897109384212,0.001121028906157881
49.4759,0.0727,0.07120957657393759,0.0014904234260624122
46.493,0.068,0.06814948434600454,-0.00014948434600453586
45.308,0.0708,0.06693381862134042,0.003866181378659586
52.9769,0.0728,0.07480117632250224,-0.0020011763225022405
50.855,0.0694,0.07262436526666695,-0.0032243652666669453
52.269,0.0715,0.07407495711027462,-0.0025749571102746255
53.272,0.073,0.07510391299368233,-0.0021039129936823303
55.0861,0.0754,0.07696495872457954,-0.0015649587245795404
47.4724,0.0697,0.06915422950274383,0.0005457704972561678
46.962,0.0687,0.0686306212446269,6.937875537309235e-05
52.6939,0.0728,0.07451085277813098,-0.0017108527781309751
51.8445,0.072,0.07363947179371771,-0.00163947179371772
53.6418,0.0779,0.07548328277003744,0.0024167172299625617
52.8019,0.0782,0.07462164762898646,0.003578352371013546
54.926,0.0765,0.0768007156169688,-0.00030071561696880245
47.2145,0.0774,0.06888965550241398,0.008510344497586017
48.9837,0.0791,0.07070463929994628,0.008395360700053728
50.862,0.0736,0.07263154641440758,0.0009684535855924159
53.7692,0.0787,0.07561397965891692,0.003086020341083087
51.6258,0.0736,0.0734151122207354,0.000184887779264592
52.1617,0.0742,0.07396488037419321,0.00023511962580678725
51.6656,0.0743,0.07345594217503214,0.0008440578249678671
45.7126,0.0708,0.06734888896074895,0.0034511110392510536
43.0774,0.0688,0.06464549459987559,0.004154505400124409
49.4132,0.0711,0.07114525400774649,-4.5254007746492464e-05
49.0209,0.0708,0.07074280197079649,5.7198029203509027e-05
50.6089,0.0718,0.0723718966296713,-0.0005718966296713035
52.3218,0.0707,0.07412912348180396,-0.003429123481803964
49.6376,0.0716,0.07137546108674618,0.00022453891325381614
45.6099,0.0692,0.06724353126461138,0.001956468735388614
45.0429,0.0731,0.0666618582976202,0.0064381417023798015
51.8032,0.0756,0.07359710302204799,0.002002896977952015
51.5668,0.0764,0.07335458540406437,0.0030454145959356305
49.4176,0.0698,0.07114976787204061,-0.001349767872040608
50.0422,0.0726,0.07179053142615471,0.0008094685738452845
50.2416,0.0726,0.07199509154893785,0.0006049084510621472
45.3186,0.0766,0.06694469293077623,0.009655307069223767
45.5717,0.0698,0.06720434271551251,0.0025956572844874903
52.5188,0.0786,0.0743312214967903,0.004268778503209697
49.0802,0.071,0.07080363655094213,0.0001963634490578653
47.5227,0.0683,0.06920583117865152,-0.00090583117865152
50.7639,0.0729,0.07253090775821387,0.0003690922417861342
53.8116,0.0801,0.07565747689666018,0.004442523103339827
51.8201,0.0748,0.07361444036445036,0.0011855596355496434
46.893,0.0743,0.06855983564546923,0.005740164354530772
53.9778,0.0749,0.07582797786158776,-0.0009279778615877698
54.159,0.0793,0.07601386700024526,0.0032861329997547345
55.7859,0.0797,0.07768286832299301,0.0020171316770069836
50.9078,0.0798,0.07267853163819629,0.007121468361803704
54.8612,0.0814,0.07673423870645552,0.004665761293544485
43.8656,0.0718,0.06545409183547075,0.006345908164529249
45.6995,0.0709,0.06733544995569148,0.0035645500443085287
51.0424,0.0788,0.07281661485046616,0.0059833851495338375
52.5618,0.0768,0.07437533426148277,0.002424665738517226
48.9758,0.0734,0.07069653486178185,0.0027034651382181613
49.6409,0.0673,0.07137884648496676,-0.004078846484966758
48.7015,0.0707,0.07041513645817396,0.0002848635418260387
44.6918,0.0739,0.06630167244451507,0.007598327555484924
43.7526,0.0667,0.06533816759337199,0.0013618324066280024
49.4925,0.0711,0.07122660615286536,-0.0001266061528653606
48.8563,0.0664,0.07057394241106678,-0.004173942411066778
47.7135,0.0717,0.06940156874849618,0.0022984312515038213
48.6655,0.0721,0.07037820484122212,0.001721795158777878
47.1772,0.0731,0.0688513902437389,0.004248609756261096
43.4734,0.071,0.06505174238634563,0.005948257613654362
42.9427,0.0727,0.06450730879978087,0.008192691200219135
47.7219,0.0704,0.06941018612578492,0.0009898138742150814
47.9218,0.0702,0.0696152591876924,0.0005847408123075964
49.3759,0.0745,0.07110698874907141,0.003393011250928585
49.7012,0.0766,0.07144070694336106,0.005159293056638939
48.1633,0.0768,0.06986300878474422,0.006936991215255775
45.2061,0.0744,0.06682928162780179,0.007570718372198207
43.2477,0.072,0.06482020166562269,0.007179798334377305
49.619,0.0768,0.07135637975132107,0.005443620248678921
49.1604,0.0709,0.0708859119864848,1.4088013515198283e-05
53.5436,0.0799,0.07538254152601884,0.004517458473981162
52.3212,0.0754,0.07412850795485476,0.0012714920451452338
50.3939,0.0699,0.07215133280620903,-0.002251332806209025
47.564,0.0714,0.06924819995032125,0.0021518000496787565
46.6631,0.0709,0.0683239862361019,0.0025760137638980996
51.7158,0.0765,0.07350744126311495,0.0029925587368850454
51.304,0.0748,0.07308498460031607,0.001715015399683939
52.0429,0.0745,0.07384300603825221,0.0006569939617477871
52.8546,0.0774,0.07467571141269091,0.0027242885873090816
53.5727,0.0722,0.0754123945830549,-0.0032123945830549033
44.3537,0.0724,0.06595482300864254,0.006445176991357465
47.0706,0.0755,0.06874203162243156,0.006757968377568438
53.4805,0.0788,0.0753178086085283,0.003482191391471698
54.9606,0.0796,0.07683621100437249,0.002763788995627514
62.4196,0.0885,0.08448823686114024,0.0040117631388597585
59.3212,0.0819,0.08130965569548676,0.0005903443045132406
56.8773,0.0796,0.0788025118435824,0.0007974881564176001
49.8457,0.0724,0.07158894635029268,0.0008110536497073217
46.512,0.0739,0.06816897603272912,0.005731023967270876
53.2438,0.0771,0.07507498322707007,0.002025016772929933
52.1507,0.0783,0.07395359571345794,0.004346404286542052
51.9582,0.0727,0.07375611415059055,-0.0010561141505905508
54.1634,0.0726,0.07601838086453938,-0.003418380864539383
46.7367,0.073,0.06839949087520342,0.0046005091247965785
42.3174,0.0653,0.06386582713089269,0.0014341728691073113
42.5755,0.0663,0.06413060630687228,0.0021693936931277136
48.0291,0.068,0.0697253359237738,-0.001725335923773802
47.4163,0.0698,0.06909667773299391,0.0007033222670060901
45.8319,0.0661,0.06747127623581428,-0.0013712762358142755
46.1604,0.0697,0.06780827724049966,0.001891722759500336
46.1309,0.0692,0.06777801383216414,0.0014219861678358564
43.2476,0.0647,0.06482009907779782,-0.00012009907779782225
41.9265,0.0689,0.06346481132349083,0.005435188676509176
45.5099,0.0726,0.06714094343974522,0.005459056560254777
46.3139,0.0712,0.06796574955166923,0.0032342504483307694
47.4831,0.0699,0.06916520640000451,0.0007347935999954952
47.4128,0.0669,0.0690930871591236,-0.0021930871591235995
48.32,0.0717,0.0700237639063095,0.0016762360936904974
41.9194,0.0691,0.06345752758792533,0.005642472412074662
40.9778,0.0689,0.062491560628985456,0.006408439371014547
44.9191,0.0696,0.06653485457043587,0.0030651454295641256
44.7632,0.0682,0.06637492015146951,0.0018250798485304892
45.7793,0.067,0.06741731503993467,-0.0004173150399346681
43.9402,0.0677,0.06553062235282092,0.0021693776471790743
46.8496,0.0664,0.06851531252947732,-0.0021153125294773173
45.612,0.0737,0.06724568560893357,0.006454314391066432
42.3958,0.0693,0.06394625598558776,0.005353744014412243
51.9654,0.0697,0.07376350047398092,-0.004063500473980922
47.6007,0.0731,0.06928584968204714,0.0038141503179528607
47.3769,0.0722,0.06905625812999663,0.0031437418700033665
50.6333,0.0659,0.07239692805893866,-0.0064969280589386585
49.3467,0.072,0.07107703310421049,0.0009229668957895093
45.8551,0.0728,0.06749507661118323,0.0053049233888167735
42.2429,0.0689,0.06378939920136739,0.005110600798632611
45.138,0.0648,0.06675941931906793,-0.0019594193190679288
44.7723,0.0704,0.06638425564353234,0.004015744356467663
42.4242,0.0646,0.06397539092784976,0.0006246090721502423
46.008,0.0698,0.06765193339540362,0.002148066604596377
44.5835,0.0698,0.06619056983018501,0.003609430169814992
41.7719,0.071,0.06330621054624772,0.007693789453752278
40.2519,0.07,0.06174687560828191,0.008253124391718096
43.9788,0.0664,0.06557022125321926,0.0008297787467807377
44.1598,0.0698,0.06575590521622704,0.004044094783772961
44.8413,0.0667,0.06645504124269,0.00024495875730999594
44.8111,0.0658,0.0664240597195804,-0.0006240597195804054
44.5186,0.0727,0.06612399033184685,0.006576009668153152
42.0599,0.0673,0.0636016634818623,0.003698336518137696
41.608,0.0626,0.06313806910129206,-0.0005380691012920602
44.4711,0.0699,0.06607526111503542,0.003824738884964582
43.3328,0.0668,0.0649075039045838,0.0018924960954161962
43.3215,0.067,0.06489591148037391,0.002104088519626096
45.1278,0.0679,0.06674895536093157,0.001151044639068427
45.4999,0.0649,0.0671306846572586,-0.0022306846572586053
40.4321,0.0609,0.06193173886869075,-0.0010317388686907486
40.3241,0.0636,0.06182094401783529,0.0017790559821647123
45.6528,0.0629,0.06728754144147897,-0.004387541441478973
43.7151,0.0629,0.06529969715904717,-0.0023996971590471705
43.5669,0.0663,0.0651476620025955,0.0011523379974044956
46.371,0.0675,0.06802432719966782,-0.000524327199667815
43.9303,0.0661,0.06552046615815918,0.0005795338418408263
40.0312,0.0678,0.06152046427880227,0.006279535721197729
44.234,0.0744,0.06583202538227773,0.008567974617722268
49.0406,0.0659,0.07076301177229513,-0.004863011772295131
47.7287,0.0701,0.06941716209787584,0.0006828379021241587
48.444,0.0707,0.07015097280914356,0.0005490271908564354
48.0487,0.0666,0.06974544313744757,-0.003145443137447565
49.8437,0.0722,0.07158689459379536,0.000613105406204642
39.6764,0.0601,0.0611564826761771,-0.001056482676177098
39.2694,0.0625,0.06073895022897177,0.001761049771028228
43.8527,0.065,0.06544085800606302,-0.0004408580060630135
42.8199,0.0614,0.0643813309508452,-0.0029813309508451916
45.1978,0.0671,0.0668207668383379,0.0002792331616621041
45.6735,0.066,0.06730877712122627,-0.0013087771212262622
45.0159,0.0687,0.06663415958490633,0.002065840415093667
39.603,0.0697,0.06108118321272533,0.00861881678727467
39.0166,0.0648,0.060479608207710096,0.0043203917922899
42.9792,0.0609,0.064544753355857,-0.003644753355857004
42.3551,0.0655,0.06390450274086723,0.001595497259132772
45.3374,0.0702,0.06696397944185106,0.003236020558148936
46.846,0.0714,0.06851161936778213,0.0028883806322178712
46.3911,0.0721,0.06804494735246591,0.004055052647534085
41.468,0.0682,0.06299444614647942,0.005205553853520575
40.221,0.0664,0.061715175970398266,0.004684824029601735
45.943,0.0699,0.0675852513092406,0.0023147486907593995
47.4185,0.0691,0.06909893466514097,1.0653348590239364e-06
45.3415,0.0632,0.06696818554267059,-0.0037681855426705824
42.9143,0.0663,0.06447817385751886,0.0018218261424811366
43.5127,0.0665,0.06509205940151805,0.0014079405984819549
39.9483,0.0668,0.06143541897198822,0.005364581028011781
41.4411,0.0664,0.06296685002159041,0.003433149978409586
44.1003,0.0632,0.06569486546043166,-0.00249486546043165
42.7772,0.0617,0.06433752594962736,-0.0026375259496273576
44.6237,0.0667,0.0662318101357812,0.0004681898642188015
44.1557,0.0633,0.06575169911540751,-0.0024516991154075185
46.3262,0.0655,0.06797836785412778,-0.0024783678541277776
39.5718,0.0656,0.06104917581136708,0.004550824188632924
37.4858,0.0626,0.05890919378465874,0.0036908062153412635
42.2766,0.0619,0.0638239712983473,-0.0019239712983473017
43.8886,0.0657,0.06547768703518997,0.00022231296481002583
49.0965,0.0718,0.07082035836639533,0.000979641633604672
45.9152,0.0748,0.0675567318939278,0.007243268106072204
47.9439,0.0698,0.06963793109698782,0.00016206890301218024
41.6046,0.0644,0.06313458111524661,0.001265418884753386
44.2456,0.0736,0.06584392556996221,0.007756074430037785
49.7264,0.0758,0.07146655907522734,0.004333440924772669
47.2695,0.0673,0.06894607880609037,-0.0016460788060903703
46.7394,0.065,0.06840226074647479,-0.003402260746474789
47.3303,0.0666,0.069008452203609,-0.002408452203608996
47.1095,0.0681,0.0687819382863045,-0.0006819382863045009
41.9095,0.0696,0.06344737139326358,0.006152628606736418
42.1998,0.0648,0.06374518384885007,0.001054816151149926
48.4025,0.072,0.0701083988618241,0.001891601138175894
50.1337,0.0723,0.07188439928590726,0.00041560071409274535
47.4903,0.0727,0.06917259272339488,0.003527407276605124
45.5866,0.0683,0.06721962830141756,0.0010803716985824385
46.1098,0.0667,0.06775636780111738,-0.0010563678011173833
40.257,0.0636,0.061752107587350086,0.001847892412649918
42.3086,0.0662,0.06385679940230446,0.0023432005976955356
44.9342,0.0659,0.06655034533199067,-0.0006503453319906677
46.5589,0.0685,0.06821708972259136,0.00028291027740864894
44.2939,0.0633,0.06589347548937258,-0.002593475489372582
44.5137,0.0655,0.06611896352842841,-0.0006189635284284123
45.0377,0.0599,0.06665652373072715,-0.006756523730727153
38.855,0.0636,0.06031382628272636,0.0032861737172736466
40.3188,0.0636,0.06181550686311738,0.0017844931368826214
44.306,0.0667,0.06590588861618138,0.0007941113838186159
44.4479,0.0713,0.06605146073966647,0.005248539260333529
43.2112,0.0639,0.06478275710954653,-0.0008827571095465364
43.8613,0.0658,0.06544968055900151,0.00035031944099848944
44.553,0.0636,0.06615928054360082,-0.0025592805436008143
39.6136,0.0658,0.06109205752216114,0.0047079424778388584
39.5271,0.0625,0.0610033190536519,0.0014966809463480973
44.6984,0.0647,0.06630844324095624,-0.0016084432409562421
42.9947,0.0642,0.06456065446871126,-0.00036065446871126616
44.3827,0.0653,0.06598457347785372,-0.0006845734778537227
44.5024,0.063,0.06610737110421855,-0.003107371104218548
43.7041,0.0632,0.06528841249831188,-0.0020884124983118757
38.7376,0.0623,0.060193388176333476,0.002106611823666525
40.4023,0.0601,0.06190116769688063,-0.001801167696880629
41.9812,0.062,0.06352092686369262,-0.0015209268636926232
42.3336,0.0641,0.063882446358521,0.00021755364147900413
44.0129,0.0666,0.06560520370149864,0.0009947962985013686
43.7512,0.0582,0.06533673136382386,-0.007136731363823853
45.084,0.0623,0.06670402189364019,-0.004404021893640191
39.086,0.0595,0.060550804158167215,-0.0010508041581672178
40.7929,0.0615,0.06230187574080791,-0.0008018757408079086
45.3634,0.0663,0.06699065227631627,-0.0006906522763162753
45.138,0.0647,0.06675941931906793,-0.0020594193190679316
46.0652,0.0639,0.06771061363122707,-0.003810613631227075
47.5116,0.0681,0.06919444393009137,-0.0010944439300913794
44.8537,0.0651,0.0664677621329734,-0.0013677621329733908
40.6556,0.0614,0.06216102265726665,-0.000761022657266644
41.2171,0.0643,0.0627370532938902,0.0015629467061097913
47.5083,0.0714,0.0691910585318708,0.002208941468129208
46.553,0.0663,0.06821103704092424,-0.0019110370409242405
45.5407,0.0682,0.067172540489804,0.001027459510195991
45.3098,0.0658,0.06693566520218801,-0.0011356652021880104
46.3115,0.0642,0.06796328744387245,-0.0037632874438724567
40.0214,0.064,0.06151041067196539,0.0024895893280346137
43.4522,0.0666,0.06502999376747401,0.0015700062325259972
45.2564,0.0634,0.06688088330370948,-0.0034808833037094783
46.3951,0.0653,0.06804905086546056,-0.002749050865460567
46.9522,0.0698,0.06862056763779001,0.0011794323622099923
46.8271,0.0682,0.06849223026888243,-0.00029223026888243464
46.4198,0.0653,0.06807439005820251,-0.002774390058202514
41.9432,0.0654,0.06348194349024347,0.00191805650975653
39.3794,0.0654,0.060851796836324565,0.004548203163675435
44.5457,0.0649,0.06615179163238558,-0.0012517916323855766
46.3179,0.0627,0.06796985306466388,-0.005269853064663876
47.8313,0.069,0.06952241720618851,-0.000522417206188508
45.9485,0.0639,0.06759089363960824,-0.003690893639608242
46.5994,0.063,0.06825863779166216,-0.005258637791662163
44.8308,0.063,0.06644426952107904,-0.003444269521079041
41.6318,0.0643,0.06316248500361021,0.0011375149963897824
45.8795,0.0637,0.06752010804045058,-0.003820108040450576
46.6984,0.0626,0.06836019973827967,-0.005760199738279667
48.6369,0.0665,0.0703488647233104,-0.003848864723310391
44.8152,0.066,0.06642826582039993,-0.00042826582039992567
46.6255,0.0698,0.06828541321395223,0.0015145867860477669
40.7114,0.0657,0.06221826666354197,0.003481733336458022
40.9017,0.0684,0.0624134912942623,0.005986508705737706
45.1352,0.0655,0.06675654685997168,-0.0012565468599716745
47.7694,0.0665,0.06945891534259635,-0.0029589153425963466
48.474,0.0738,0.07018174915660341,0.003618250843396592
46.5029,0.0622,0.0681596405406663,-0.005959640540666299
47.9887,0.0671,0.06968389044252787,-0.002583890442527867
41.9461,0.066,0.06348491853716459,0.0025150814628354112
42.5361,0.0672,0.06409018670387501,0.0031098132961249886
48.4509,0.065,0.07015805136905931,-0.005158051369059308
48.0476,0.067,0.06974431467137406,-0.0027443146713740513
46.9793,0.0701,0.06864836893832874,0.0014516310616712602
47.2949,0.0673,0.06897213611360638,-0.001672136113606379
48.6148,0.0703,0.07032619281401498,-2.6192814014974752e-05
42.8221,0.0683,0.06438358788299225,0.003916412117007745
43.8311,0.0613,0.06541869903589193,-0.004118699035891925
48.7897,0.0717,0.07050561891970591,0.0011943810802940852
49.1984,0.0674,0.07092489535993396,-0.0035248953599339578
48.6402,0.0707,0.07035225012153098,0.0003477498784690142
48.4625,0.0694,0.0701699515567438,-0.0007699515567437948
47.2915,0.0723,0.06896864812756093,0.0033313518724390756
44.6063,0.0649,0.06621395985425449,-0.00131395985425449
44.8065,0.0678,0.06641934067963656,0.0013806593203634365
49.1011,0.0714,0.07082507740633917,0.0005749225936608343
47.5817,0.0707,0.06926635799532255,0.0014336420046774517
49.7754,0.0685,0.07151682710941176,-0.003016827109411757
48.6794,0.0686,0.07039246454887853,-0.0017924645488785335
50.5789,0.0683,0.07234112028221146,-0.004041120282211458
43.643,0.0668,0.06522573133731865,0.001574268662681344
43.2746,0.0647,0.06484779779051168,-0.00014779779051168895
48.6048,0.0677,0.07031593403152836,-0.0026159340315283636
49.0642,0.0712,0.07078722249896355,0.0004127775010364515
47.4377,0.0628,0.06911863152751527,-0.006318631527515273
48.9958,0.0709,0.07071705242675509,0.00018294757324491262
48.8542,0.0686,0.07057178806674459,-0.001971788066744598
44.7578,0.0682,0.06636938040892675,0.0018306195910732515
42.4003,0.0668,0.06395087243770675,0.0028491275622932466
48.0248,0.0645,0.06972092464730456,-0.005220924647304559
49.4112,0.0681,0.07114320225124918,-0.003043202251249183
50.1088,0.0725,0.07185885491751559,0.0006411450824844039
53.3729,0.0743,0.0752074241089723,-0.0009074241089722934
50.7658,0.0727,0.07253285692688632,0.00016714307311367638
46.1328,0.0741,0.06777996300083661,0.006320036999163392
45.958,0.0739,0.06760063948297053,0.006299360517029465
50.7046,0.0728,0.07247007317806822,0.0003299268219317808
49.114,0.0687,0.07083831123574691,-0.002138311235746912
49.2918,0.07,0.07102071238835897,-0.001020712388358963
48.626,0.0731,0.07033768265039998,0.002762317349600016
50.9852,0.0697,0.07275793461464271,-0.00305793461464271
45.2318,0.0705,0.06685564669879239,0.0036443533012076035
45.8879,0.0712,0.06752872541773935,0.0036712745822606446
49.3898,0.0666,0.0711212484567278,-0.0045212484567278
50.2044,0.0725,0.07195692887808763,0.0005430711219123613
52.117,0.0706,0.07391902361647804,-0.0033190236164780396
49.5104,0.0743,0.0712449693735164,0.0030550306264836014
53.0444,0.0704,0.07487042310428692,-0.004470423104286914
43.7338,0.0667,0.06531888108229714,0.0013811189177028588
43.0982,0.0669,0.06466683286744776,0.002233167132552241
49.7081,0.0681,0.07144778550327682,-0.003347785503276829
50.0046,0.0681,0.07175195840400503,-0.0036519584040050346
50.3612,0.0668,0.07211778658747779,-0.0053177865874777935
51.8702,0.0694,0.07366583686470832,-0.004265836864708314
51.176,0.0734,0.07295367218448737,0.0004463278155126399
44.7514,0.068,0.0663628147881353,0.0016371852118647057
45.3534,0.0672,0.06698039349382966,0.00021960650617033894
50.6742,0.0687,0.0724388864793089,-0.003738886479308909
51.5473,0.0685,0.07333458077821546,-0.004834580778215455
50.6512,0.0705,0.0724152912795897,-0.001915291279589712
49.7473,0.0709,0.07148799993062438,-0.0005879999306243749
52.0154,0.0756,0.073814794386414,0.0017852056135859995
45.2216,0.0658,0.06684518274065604,-0.0010451827406560421
42.8108,0.0668,0.06437199545878239,0.00242800454121761
49.7242,0.0694,0.07146430214308029,-0.0020643021430802877
51.6875,0.0729,0.07347840890867782,-0.000578408908677816
49.0839,0.073,0.07080743230046219,0.002192567699537809
49.7465,0.0695,0.07148717922802544,-0.0019871792280254374
49.2531,0.0754,0.07098101090013575,0.00441898909986424
45.7878,0.0739,0.0674260350050483,0.006473964994951689
45.5086,0.069,0.06713960979802196,0.0018603902019780488
49.0696,0.0685,0.07079276224150632,-0.0022927622415063187
48.8649,0.0676,0.07058276496400527,-0.0029827649640052772
52.482,0.072,0.07429346917723956,-0.0022934691772395627
50.6986,0.0681,0.07246391790857626,-0.004363917908576265
51.6558,0.0732,0.07344588856819526,-0.0002458885681952544
45.6126,0.0655,0.06724630113588277,-0.001746301135882769
46.0208,0.071,0.06766506463698649,0.0033349353630135053
49.4695,0.0677,0.07120301095314614,-0.003503010953146146
51.9777,0.0724,0.07377611877643947,-0.001376118776439464
53.5389,0.0722,0.07537771989825012,-0.0031777198982501226
49.968,0.0723,0.07171441126010401,0.0005855887398959897
49.7007,0.0668,0.07144019400423673,-0.004640194004236736
45.2265,0.073,0.06685020954407449,0.006149790455925508
46.3272,0.0717,0.06797939373237644,0.0037206062676235635
50.3831,0.0687,0.07214025332112349,-0.003440253321123493
50.1619,0.0773,0.07191332905251951,0.005386670947480479
50.1604,0.0681,0.07191179023514653,-0.0038117902351465366
49.0459,0.0677,0.07076844892701305,-0.003068448927013051
47.179,0.067,0.0688532368245865,-0.0018532368245864905
48.4629,0.0782,0.07017036190804327,0.00802963809195674
46.0962,0.0734,0.06774241585693558,0.005657584143064429
50.7949,0.0736,0.07256270998392239,0.0010372900160776077
54.928,0.081,0.07680276737346611,0.004197232626533889
56.2933,0.0808,0.07820339894636397,0.00259660105363603
54.9632,0.0814,0.07683887828781902,0.004561121712180982
56.5938,0.0735,0.07851167536008681,-0.005011675360086815
49.0349,0.0749,0.07075716426627776,0.004142835733722233
50.1245,0.0758,0.07187496120601956,0.003925038793980443
56.1243,0.0827,0.07803002552234013,0.004669974477659863
56.001,0.0748,0.07790353473428013,-0.003103534734280128
52.9467,0.0778,0.07477019479939266,0.003029805200607333
54.8704,0.0731,0.0767436767863432,-0.0036436767863431974
53.497,0.0735,0.0753347355996312,-0.0018347355996312098
48.4448,0.0739,0.07015179351174249,0.003748206488257508
51.957,0.0773,0.07375488309669216,0.0035451169033078322
55.1826,0.0748,0.07706395597557539,-0.0022639559755753824
56.987,0.076,0.0789150506874606,-0.0029150506874606047
56.9128,0.0798,0.07883893052140989,0.0009610694785901069
60.1707,0.0814,0.0821811392677249,-0.0007811392677248979
60.7443,0.0856,0.08276958303115727,0.0028304169688427305
50.6918,0.0795,0.07245694193648536,0.007043058063514643
53.3235,0.075,0.0751567457234884,-0.00015674572348840787
60.0095,0.0784,0.08201576769404063,-0.0036157676940406364
53.1788,0.0723,0.07500830114090705,-0.002708301140907046
55.5974,0.0782,0.07748949027312027,0.000710509726879735
54.7492,0.077,0.07661934034260541,0.0003806596573945886
53.5631,0.0739,0.07540254615186774,-0.001502546151867748
50.5477,0.0753,0.0723091128808532,0.002990887119146801
48.412,0.0741,0.07011814470518637,0.003981855294813624
53.9547,0.0786,0.07580428007404368,0.0027957199259563276
54.4372,0.0776,0.07629926632902295,0.00130073367097705
52.3985,0.074,0.07420780834347632,-0.0002078083434763206
54.0981,0.0742,0.07595139101490177,-0.0017513910149017653
49.8787,0.0679,0.07162280033249852,-0.003722800332498513
44.5508,0.0702,0.06615702361145376,0.0040429763885462405
43.3814,0.0718,0.06495736158746876,0.006842638412531243
47.6487,0.0695,0.06933509183798289,0.00016490816201711334
50.0517,0.0722,0.07180027726951699,0.00039972273048301254
52.4091,0.0721,0.07421868265291212,-0.002118682652912124
50.0247,0.0675,0.07177257855680313,-0.0042725785568031305
50.0826,0.0738,0.07183197690740065,0.001968023092599358
47.3165,0.0698,0.06899429508377747,0.0008057049162225327
42.267,0.0737,0.06381412286716015,0.009885877132839851
50.4274,0.0702,0.0721856997275392,-0.001985699727539203
49.1797,0.0683,0.07090571143668398,-0.0026057114366839773
48.9907,0.0712,0.07071182044768691,0.0004881795523130894
48.0741,0.0736,0.06977150044496358,0.0038284995550364187
50.664,0.0709,0.07242842252117257,-0.001528422521172565
44.1167,0.0699,0.0657116898637097,0.004188310136290299
45.4228,0.0723,0.06705158944428678,0.0052484105557132205
48.9462,0.069,0.07066616886562146,-0.001666168865621459
47.8882,0.0677,0.06958078967853737,-0.0018807896785373729
49.0845,0.0733,0.07080804782741137,0.0024919521725886296
47.8273,0.0732,0.06951831369319388,0.0036816863068061256
52.475,0.076,0.07428628802949894,0.0017137119705010612
45.9892,0.0709,0.06763264688432877,0.003267353115671237
46.661,0.0697,0.06832183189177972,0.001378168108220279
48.8156,0.0702,0.07053218916634625,-0.00033218916634625284
51.119,0.0751,0.07289519712431364,0.0022048028756863625
53.5478,0.0747,0.07538685021466322,-0.0006868502146632205
55.657,0.0805,0.0775506326167405,0.002949367383259502
53.5447,0.0764,0.07538366999209237,0.0010163300079076287
49.3143,0.0723,0.07104379464895386,0.0012562053510461468
42.3158,0.0705,0.06386418572569483,0.006635814274305166
47.5777,0.0697,0.06926225448232791,0.000437745517672089
47.7848,0.0689,0.06947471386762574,-0.0005747138676257396
48.5638,0.0701,0.07027387302333324,-0.00017387302333324306
46.3891,0.0707,0.0680428955959686,0.002657104404031399
47.7785,0.0675,0.06946825083465918,-0.00196825083465918
44.0494,0.0686,0.06564264825757478,0.0029573517424252155
41.4805,0.0686,0.06300726962458769,0.0055927303754123026
52.6217,0.0769,0.0744367843685776,0.0024632156314223913
52.9109,0.0812,0.07473346835809058,0.006466531641909412
51.129,0.0764,0.07290545590680025,0.003494544093199742
52.2011,0.0733,0.07400529997719049,-0.0007052999771904878
52.9966,0.0717,0.07482138612400088,-0.0031213861240008828
42.8251,0.068,0.06438666551773824,0.003613334482261768
44.6533,0.0734,0.06626217613194159,0.007137823868058418
47.249,0.0707,0.06892504830199281,0.0017749516980071905
47.8482,0.0707,0.0695397545485909,0.0011602454514090949
46.6672,0.0696,0.06832819233692142,0.001271807663078578
48.9739,0.0708,0.07069458569310941,0.00010541430689059439
47.8669,0.0703,0.06955893847184089,0.0007410615281591149
47.0329,0.0726,0.068703356012457,0.003896643987542997
43.477,0.0733,0.0650554355480408,0.008244564451959202
52.324,0.0737,0.07413138041395101,-0.00043138041395100746
46.327,0.0705,0.0679791885567267,0.002520811443273291
47.2818,0.0663,0.0689586971085489,-0.0026586971085489075
49.7911,0.0743,0.07153293339791575,0.002767066602084256
48.0029,0.0727,0.06969845791365886,0.0030015420863411385
43.6881,0.0725,0.0652719984463333,0.007228001553666694
45.3121,0.0736,0.06693802472215993,0.006661975277840071
45.6351,0.0665,0.06726938339647767,-0.0007693833964776686
44.9172,0.066,0.06653290540176342,-0.0005329054017634144
47.0063,0.0705,0.06867606765104262,0.0018239323489573772
45.7254,0.0653,0.06736202020233181,-0.0020620202023318157
47.6088,0.0686,0.0692941592958613,-0.0006941592958613074
41.61,0.0679,0.06314012085778939,0.004759879142210613
39.6205,0.0639,0.061099136082076906,0.0028008639179230924
47.0777,0.0739,0.06874931535799705,0.0051506846420029395
46.6379,0.0676,0.06829813410423563,-0.000698134104235637
45.0857,0.0702,0.06670576588666291,0.0034942341133370886
45.1809,0.0689,0.06680342949593551,0.0020965705040644905
46.0188,0.0693,0.06766301288048916,0.0016369871195108382
41.6064,0.069,0.0631364276960942,0.005863572303905801
39.2932,0.0648,0.06076336613128992,0.004036633868710074
44.6459,0.0674,0.06625458463290149,0.001145415367098515
46.2947,0.0695,0.06794605268929493,0.0015539473107050727
45.1343,0.0684,0.06675562356954788,0.0016443764304521213
45.8192,0.068,0.06745824758205629,0.0005417524179437139
45.3766,0.0686,0.06700419386919862,0.001595806130801375
45.0893,0.071,0.0667094590483581,0.0042905409516419
46.6939,0.069,0.06835558328616068,0.0006444167138393297
50.9594,0.0734,0.07273146695582725,0.0006685330441727616
48.9585,0.0664,0.07067878716808002,-0.004278787168080014
48.9428,0.069,0.07066268087957601,-0.001662680879576009
46.2233,0.0699,0.0678728049823405,0.0020271950176595083
48.1817,0.0657,0.06988188494451958,-0.004181884944519584
43.8372,0.0698,0.06542495689320876,0.004375043106791238
41.8113,0.0667,0.06334663014924499,0.003353369850755003
44.7656,0.0654,0.0663773822592663,-0.0009773822592663017
46.3908,0.0644,0.06804463958899132,-0.003644639588991319
46.2336,0.0706,0.0678833715283017,0.0027166284716982902
44.609,0.0643,0.06621672972552588,-0.0019167297255258814
44.9892,0.0682,0.06660676863566706,0.0015932313643329393
42.1734,0.0702,0.06371810066308539,0.006481899336914607
39.0894,0.0631,0.060554292144212665,0.002545707855787338
43.2371,0.0692,0.06480932735618686,0.00439067264381314
44.7827,0.0681,0.06639492477731841,0.0017050752226815818
44.8697,0.068,0.06648417618495199,0.0015158238150480147
46.839,0.0653,0.0685044382200415,-0.003204438220041503
43.5928,0.0659,0.06517423224923584,0.0007257677507641613
38.4622,0.0608,0.05991086130665205,0.0008891386933479531
40.5131,0.0622,0.06201483500683236,0.00018516499316763996
45.4748,0.0695,0.06710493511321719,0.002395064886782816
43.8605,0.0648,0.06544885985640259,-0.0006488598564025894
44.6324,0.0662,0.06624073527654456,-4.07352765445651e-05
43.6127,0.0637,0.06519464722638421,-0.0014946472263842048
44.3,0.0642,0.0658997333466894,-0.0016997333466894082
41.1788,0.0656,0.06269776215696646,0.0029022378430335477
38.6855,0.0633,0.0601399399195782,0.0031600600804217935
43.8608,0.0687,0.06544916761987718,0.0032508323801228173
47.0927,0.0687,0.06876470353172698,-6.470353172698118e-05
43.553,0.0668,0.06513340229493911,0.0016665977050608904
45.2837,0.0688,0.06690888977989794,0.001891110220102063
46.0625,0.0663,0.06770784375995567,-0.0014078437599556737
40.1718,0.0652,0.06166470276056411,0.0035352972394358875
39.0437,0.0633,0.06050740950824883,0.002792590491751165
43.5446,0.0675,0.06512478491765035,0.002375215082349655
45.0736,0.0658,0.06669335275985411,-0.0008933527598541102
45.5848,0.0713,0.06721778172056997,0.004082218279430033
44.5098,0.0637,0.06611496260325864,-0.00241496260325863
44.2069,0.0653,0.065804224081739,-0.000504224081739002
39.8057,0.0646,0.061289128733729055,0.0033108712662709497
37.5291,0.0629,0.058953614312825794,0.003946385687174203
44.3459,0.0684,0.06594682115830297,0.002453178841697032
43.5874,0.0641,0.06516869250669308,-0.0010686925066930725
46.965,0.0711,0.06863369887937287,0.0024663011206271235
46.4103,0.0708,0.06806464421484022,0.0027353557851597793
49.3215,0.074,0.07105118097234421,0.0029488190276557857
43.1411,0.07,0.06471084304431535,0.00528915695568466
44.1836,0.0704,0.06578032111854518,0.004619678881454828
51.0208,0.073,0.07279445588029507,0.00020554411970492847
50.7252,0.0745,0.07249120626999067,0.0020087937300093256
49.5894,0.071,0.07132601375516068,-0.000326013755160684
47.7775,0.0694,0.06946722495641053,-6.722495641052484e-05
47.5187,0.0681,0.06920172766565688,-0.0011017276656568875
41.8405,0.0635,0.0633765857941059,0.00012341420589409569
41.3609,0.0676,0.06288457458604776,0.004715425413952229
44.872,0.0634,0.06648653570492391,-0.0030865357049239123
42.8223,0.061,0.06438379305864199,-0.00338379305864199
44.5498,0.0705,0.0661559977332051,0.004344002266794891
44.8117,0.0618,0.0664246752465296,-0.004624675246529604
44.6458,0.0685,0.06625448204507663,0.002245517954923379
40.2964,0.0657,0.061792527190347356,0.003907472809652639
40.0326,0.0618,0.0615219005083504,0.0002780994916495999
43.454,0.0634,0.0650318403483216,-0.0016318403483216032
42.4847,0.0639,0.06403745656189379,-0.00013745656189378952
42.9966,0.066,0.06456260363738373,0.0014373963626162778
45.5614,0.0634,0.0671937761695513,-0.0037937761695513023
45.5255,0.0624,0.06715694714042433,-0.004756947140424336
40.8685,0.0656,0.062379432136406725,0.003220567863593281
39.9376,0.0682,0.06142444207472754,0.006775557925272457
42.239,0.0621,0.06378539827619761,-0.001685398276197611
44.0175,0.0613,0.06560992274144248,-0.004309922741442478
44.3736,0.0637,0.06597523798579091,-0.0022752379857909066
44.3292,0.065,0.06592968899155033,-0.0009296889915503259
43.3601,0.0629,0.06493551038077226,-0.002035510380772265
39.2188,0.0629,0.060687040789589496,0.002212959210410502
40.4132,0.0613,0.06191234976979105,-0.0006123497697910485
44.191,0.0659,0.06578791261758528,0.00011208738241472171
41.1669,0.0625,0.06268555420580738,-0.00018555420580737558
43.1413,0.0634,0.06471104821996507,-0.0013110482199650692
44.3765,0.0637,0.06597821303271204,-0.0022782130327120287
44.5624,0.0646,0.06616892379913825,-0.0015689237991382415
40.5237,0.0651,0.06202570931626816,0.0030742906837318423
40.0598,0.0641,0.061549804396714,0.0025501956032860026
42.3776,0.061,0.06392758500146212,-0.0029275850014621185
44.4975,0.0621,0.06610234430080009,-0.004002344300800084
45.0737,0.0628,0.06669345534767898,-0.003893455347678987
45.3868,0.0694,0.06701465782733496,0.0023853421726650476
43.8245,0.063,0.06541192823945076,-0.0024119282394507585
40.2938,0.0647,0.061789859906900835,0.002910140093099159
40.272,0.0651,0.06176749576108001,0.003332504238919995
46.2214,0.0665,0.06787085581366803,-0.001370855813668026
43.7589,0.065,0.06534463062633855,-0.000344630626338549
45.9834,0.0676,0.06762669679048655,-2.669679048655782e-05
44.7913,0.0645,0.0664037473302569,-0.0019037473302569025
46.1754,0.0672,0.0678236654142296,-0.0006236654142296044
40.4,0.0693,0.06189880817690871,0.007401191823091291
38.6882,0.0631,0.06014270979084959,0.0029572902091504136
45.405,0.0669,0.0670333288114606,-0.00013332881146059516
42.963,0.0626,0.06452813412822869,-0.0019281341282286896
45.0661,0.0647,0.06668565867298915,-0.0019856586729891518
46.146,0.0656,0.06779350459371894,-0.002193504593718934
43.5665,0.0658,0.06514725165129603,0.0006527483487039631
41.7275,0.0649,0.06326066155200714,0.0016393384479928552
39.3471,0.0601,0.06081866096889279,-0.0007186609688927884
43.5564,0.0615,0.06513689028098454,-0.003636890280984545
42.8647,0.0613,0.06442729029638525,-0.0031272902963852475
46.283,0.0639,0.0679340499137856,-0.004034049913785601
44.6183,0.061,0.06622627039323842,-0.005226270393238419
46.0522,0.0668,0.06769727721399446,-0.0008972772139944629
40.1527,0.0611,0.06164510848601468,-0.0005451084860146754
38.9735,0.0633,0.060435392855192775,0.00286460714480722
45.1139,0.0646,0.06673469565327517,-0.002134695653275162
45.1798,0.0589,0.06680230102986198,-0.007902301029861981
44.7013,0.0635,0.06631141828787736,-0.002811418287877357
44.9883,0.065,0.06660584534524328,-0.001605845345243273
45.4924,0.0678,0.06712299057039364,0.0006770094296063567
40.9302,0.0647,0.062442728824349154,0.0022572711756508393
39.7745,0.063,0.061257121332370816,0.0017428786676291844
44.5847,0.0656,0.06619180088408338,-0.0005918008840833794
45.008,0.0664,0.0666260551467419,-0.0002260551467418992
47.4947,0.0679,0.069177106587689,-0.0012771065876889948
45.7362,0.0626,0.06737309968741736,-0.004773099687417362
46.4242,0.0627,0.06807890392249663,-0.005378903922496625
41.3601,0.0667,0.06288375388344883,0.003816246116551167
41.1387,0.0663,0.06265662443919512,0.003643375560804879
44.2053,0.0644,0.06580258267654114,-0.001402582676541142
44.5558,0.0605,0.06616215300269707,-0.005662153002697068
45.2904,0.0673,0.06691576316416398,0.00038423683583602153
44.5347,0.0663,0.0661405069716503,0.00015949302834969425
46.1706,0.0623,0.06781874119863601,-0.005518741198636011
42.0068,0.0642,0.06354718934685835,0.0006528106531416417
41.1697,0.0593,0.06268842666490364,-0.003388426664903639
44.3834,0.065,0.0659852915926278,-0.0009852915926277933
46.5697,0.0655,0.06822816920767691,-0.002728169207676906
45.4623,0.0662,0.06709211163510892,-0.0008921116351089248
44.087,0.0644,0.06568122127972446,-0.0012812212797244649
46.4917,0.0671,0.06814815070428129,-0.0010481507042812838
41.5189,0.0692,0.06304666334933631,0.006153336650663685
41.5552,0.0679,0.06308390272976272,0.004816097270237282
46.6675,0.0664,0.06832850010039601,-0.0019285001003960106
44.838,0.0649,0.06645165584446941,-0.00155165584446941
46.4133,0.065,0.0680677218495862,-0.0030677218495862024
47.3452,0.0735,0.06902373778951407,0.004476262210485929
50.7968,0.0713,0.07256465915259483,-0.001264659152594827
46.6085,0.0691,0.06826797328372497,0.000832026716275025
43.1899,0.0669,0.06476090590285004,0.002139094097149963
50.1796,0.0731,0.07193148709752084,0.0011685129024791574
48.908,0.072,0.07062698031652259,0.0013730196834774028
46.0801,0.066,0.06772589921713212,-0.0017258992171321208
47.1812,0.0641,0.06885549375673354,-0.0047554937567335365
44.6077,0.068,0.06621539608380261,0.0017846039161973914
43.1984,0.0669,0.06476962586796366,0.0021303741320363445
40.5956,0.0614,0.06209946996234694,-0.0006994699623469394
47.7653,0.0664,0.06945470924177685,-0.003054709241776851
49.2774,0.0695,0.07100593974157823,-0.0015059397415782272
52.3508,0.0697,0.07415887395101514,-0.004458873951015144
50.959,0.076,0.07273105660452778,0.003268943395472221
52.4413,0.0757,0.07425171593251903,0.0014482840674809733
47.3771,0.0671,0.06905646330564637,-0.001956463305646361
44.9977,0.0688,0.06661548860078069,0.0021845113992193105
52.8265,0.0707,0.07464688423390353,-0.003946884233903533
46.1087,0.0698,0.06775523933504385,0.0020447606649561523
49.1586,0.0714,0.07088406540563721,0.0005159345943627908
49.2504,0.0673,0.07097824102886435,-0.003678241028864354
47.1984,0.0663,0.06887313886261053,-0.0025731388626105273
41.2729,0.0666,0.06279429730016553,0.003805702699834476
42.059,0.0648,0.06360074019143849,0.0011992598085615036
50.8097,0.0704,0.07257789298200257,-0.0021778929820025633
47.8364,0.067,0.0695276491852567,-0.002527649185256692
48.5099,0.066,0.07021857818573037,-0.004218578185730362
46.5002,0.0659,0.06815687066939491,-0.0022568706693949087
46.8743,0.0645,0.06854065172221926,-0.004040651722219263
42.5714,0.0662,0.06412640020605276,0.0020735997939472367
43.5583,0.0648,0.06513883944965701,-0.0003388394496570135
49.5416,0.0743,0.07127697677487466,0.0030230232251253486
47.7617,0.0675,0.06945101608008167,-0.0019510160800816634
49.4496,0.0654,0.07118259597599777,-0.00578259597599777
49.9875,0.0717,0.07173441588595292,-3.441588595291811e-05
49.185,0.0692,0.07091114859140189,-0.0017111485914018953
46.5224,0.0719,0.0681796451665152,0.003720354833484804
44.5799,0.0688,0.06618687666848982,0.0026131233315101754
50.0638,0.0693,0.0718126903963258,-0.0025126903963258035
50.1581,0.0658,0.07190943071517461,-0.006109430715174613
50.1892,0.0689,0.07194133552870799,-0.0030413355287079863
50.2439,0.0675,0.07199745106890978,-0.00449745106890978
50.3858,0.0698,0.07214302319239488,-0.0023430231923948774
44.2427,0.0648,0.06584095052304109,-0.0010409505230410954
42.5587,0.0608,0.06411337155229477,-0.003313371552294768
48.1205,0.0683,0.06981910119570149,-0.0015191011957014916
46.5008,0.0654,0.06815748619634411,-0.002757486196344111
49.916,0.0677,0.0716610655911736,-0.00396106559117361
48.1562,0.0662,0.06985572504917871,-0.003655725049178715
50.5097,0.065,0.07227012950740407,-0.007270129507404063
43.9843,0.066,0.0655758635835869,0.00042413641641310396
45.4856,0.0668,0.06711601459830274,-0.00031601459830274403
48.0709,0.0666,0.06976821763456786,-0.0031682176345678575
50.4187,0.0671,0.07217677458677585,-0.005076774586775842
